signal,H_norm,C_LMC
white_noise,0.9975409912134793,0.002018807408529218
colored_1/f,0.8628134540764401,0.09860554603853662
periodic,0.9495392396324923,0.037045564498914545
tsa_shuffle,0.8312846026904658,0.11351086059803091
SC24_C_max,0.5894221009921766,0.2370999643439968
SC24_C_min,0.879317534366051,0.1000297988772458
