test,rank_biserial,ci_lo,ci_hi,p_naive,vs_peak_split
MW_ext H_TSA,0.9321428571428572,0.8375,1.0,5.730889770822676e-11,preserved
MW_ext LZC_TSA,0.8571428571428572,0.7160491071428572,0.9937723214285713,3.735136193649751e-10,preserved
MW_ext MI,0.9857142857142858,0.9535714285714285,1.0,4.310907956598071e-12,preserved
MW_ext PE_TSA,0.38482142857142854,0.03839285714285712,0.6768080357142856,0.00667949930855295,preserved
