Date,TSA,PSI
2008-12-01,0.0,0.0
2008-12-02,0.0,0.0
2008-12-03,0.0,0.0
2008-12-04,0.00059692754,0.00030003
2008-12-05,0.00039795166,0.00030003
2008-12-06,0.00039795166,0.00030003
2008-12-07,0.0,0.0
2008-12-08,0.0,0.0
2008-12-09,0.0,0.0
2008-12-10,0.004576444,0.0015001501
2008-12-11,0.02483444,0.00630063
2008-12-12,0.031089036,0.0030003001
2008-12-13,0.0009948793,0.00060006
2008-12-14,0.0,0.0
2008-12-15,0.0,0.0
2008-12-16,0.0,0.0
2008-12-17,0.0,0.0
2008-12-18,0.0,0.0
2008-12-19,0.0,0.0
2008-12-20,0.0011938551,0.0009000901
2008-12-21,0.0,0.0
2008-12-22,0.0,0.0
2008-12-23,0.0,0.0
2008-12-24,0.0,0.0
2008-12-25,0.0,0.0
2008-12-26,0.00039795166,0.00030003
2008-12-27,0.00059692754,0.00030003
2008-12-28,0.0,0.0
2008-12-29,0.0,0.0
2008-12-30,0.0,0.0
2008-12-31,0.00059692754,0.00030003
2009-01-01,0.0009948793,0.00060006
2009-01-02,0.0,0.0
2009-01-03,0.0,0.0
2009-01-04,0.0,0.0
2009-01-05,0.0,0.0
2009-01-06,0.0011938551,0.00060006
2009-01-07,0.0014716705,0.00060006
2009-01-08,0.0,0.0
2009-01-09,0.003979517,0.00210021
2009-01-10,0.01361295,0.01110111
2009-01-11,0.013245033,0.012301231
2009-01-12,0.0034952173,0.0033003301
2009-01-13,0.0007959033,0.00060006
2009-01-14,0.0,0.0
2009-01-15,0.0007959033,0.00060006
2009-01-16,0.0,0.0
2009-01-17,0.0,0.0
2009-01-18,0.0,0.0
2009-01-19,0.003863135,0.0039003901
2009-01-20,0.0,0.0
2009-01-21,0.0,0.0
2009-01-22,0.0,0.0
2009-01-23,0.0,0.0
2009-01-24,0.0,0.0
2009-01-25,0.0,0.0
2009-01-26,0.0,0.0
2009-01-27,0.0011938551,0.00060006
2009-01-28,0.00039795166,0.00030003
2009-01-29,0.0007959033,0.00060006
2009-01-30,0.0,0.0
2009-01-31,0.0,0.0
2009-02-01,0.0,0.0
2009-02-02,0.0,0.0
2009-02-03,0.0,0.0
2009-02-04,0.0,0.0
2009-02-05,0.0,0.0
2009-02-06,0.00039795166,0.00030003
2009-02-07,0.0,0.0
2009-02-08,0.0,0.0
2009-02-09,0.0,0.0
2009-02-10,0.0,0.0
2009-02-11,0.0047829286,0.00120012
2009-02-12,0.0022075057,0.0009000901
2009-02-13,0.0007959033,0.00030003
2009-02-14,0.0007959033,0.00060006
2009-02-15,0.00019897583,0.0
2009-02-16,0.00039795166,0.00030003
2009-02-17,0.0,0.0
2009-02-18,0.00039795166,0.00030003
2009-02-19,0.0,0.0
2009-02-20,0.0,0.0
2009-02-21,0.0,0.0
2009-02-22,0.0,0.0
2009-02-23,0.0,0.0
2009-02-24,0.0019897586,0.0009000901
2009-02-25,0.0022075057,0.0018001802
2009-02-26,0.0009948793,0.00060006
2009-02-27,0.0,0.0
2009-02-28,0.0,0.0
2009-03-01,0.0,0.0
2009-03-02,0.0,0.0
2009-03-03,0.0,0.0
2009-03-04,0.0,0.0
2009-03-05,0.0,0.0
2009-03-06,0.0014716705,0.00120012
2009-03-07,0.0016556291,0.0018001802
2009-03-08,0.0,0.0
2009-03-09,0.0,0.0
2009-03-10,0.0,0.0
2009-03-11,0.0,0.0
2009-03-12,0.0,0.0
2009-03-13,0.0,0.0
2009-03-14,0.00039795166,0.00030003
2009-03-15,0.00019897583,0.00030003
2009-03-16,0.0,0.0
2009-03-17,0.00039795166,0.00030003
2009-03-18,0.0,0.0
2009-03-19,0.0,0.0
2009-03-20,0.0,0.0
2009-03-21,0.0,0.0
2009-03-22,0.0025754233,0.0009000901
2009-03-23,0.00073583523,0.00030003
2009-03-24,0.0007959033,0.00060006
2009-03-25,0.0,0.0
2009-03-26,0.0007959033,0.00060006
2009-03-27,0.0,0.0
2009-03-28,0.0,0.0
2009-03-29,0.0,0.0
2009-03-30,0.0,0.0
2009-03-31,0.0,0.0
2009-04-01,0.00019897583,0.0
2009-04-02,0.0,0.0
2009-04-03,0.0,0.0
2009-04-04,0.0,0.0
2009-04-05,0.00036791762,0.00030003
2009-04-06,0.0007959033,0.00030003
2009-04-07,0.0,0.0
2009-04-08,0.0,0.0
2009-04-09,0.0,0.0
2009-04-10,0.0,0.0
2009-04-11,0.0,0.0
2009-04-12,0.0,0.0
2009-04-13,0.0,0.0
2009-04-14,0.0,0.0
2009-04-15,0.0,0.0
2009-04-16,0.0,0.0
2009-04-17,0.0,0.0
2009-04-18,0.0,0.0
2009-04-19,0.00019897583,0.00030003
2009-04-20,0.0,0.0
2009-04-21,0.0047829286,0.0018001802
2009-04-22,0.0007959033,0.0
2009-04-23,0.0,0.0
2009-04-24,0.0,0.0
2009-04-25,0.0,0.0
2009-04-26,0.0,0.0
2009-04-27,0.0,0.0
2009-04-28,0.0011938551,0.0009000901
2009-04-29,0.0031272995,0.0015001501
2009-04-30,0.0033112583,0.00060006
2009-05-01,0.0,0.0
2009-05-02,0.00019897583,0.00030003
2009-05-03,0.0,0.0
2009-05-04,0.00039795166,0.00030003
2009-05-05,0.0,0.0
2009-05-06,0.0,0.0
2009-05-07,0.0,0.0
2009-05-08,0.0,0.0
2009-05-09,0.0,0.0
2009-05-10,0.0,0.0
2009-05-11,0.00019897583,0.0
2009-05-12,0.0,0.0
2009-05-13,0.003679176,0.00240024
2009-05-14,0.008462105,0.0066006603
2009-05-15,0.00459897,0.00420042
2009-05-16,0.0049668876,0.00480048
2009-05-17,0.0047829286,0.00480048
2009-05-18,0.0044150115,0.0036003604
2009-05-19,0.0016556291,0.0009000901
2009-05-20,0.00039795166,0.00030003
2009-05-21,0.00019897583,0.0
2009-05-22,0.0017907826,0.00060006
2009-05-23,0.0040470934,0.0018001802
2009-05-24,0.0,0.0
2009-05-25,0.0,0.0
2009-05-26,0.0,0.0
2009-05-27,0.00019897583,0.0
2009-05-28,0.0007959033,0.00060006
2009-05-29,0.0,0.0
2009-05-30,0.0,0.0
2009-05-31,0.000919794,0.00030003
2009-06-01,0.021155262,0.012301231
2009-06-02,0.02759382,0.02190219
2009-06-03,0.016188374,0.014401441
2009-06-04,0.009749816,0.0090009
2009-06-05,0.008830023,0.00810081
2009-06-06,0.0009948793,0.00060006
2009-06-07,0.0007959033,0.00030003
2009-06-08,0.0009948793,0.00060006
2009-06-09,0.0020235467,0.0018001802
2009-06-10,0.0009948793,0.00060006
2009-06-11,0.00039795166,0.00030003
2009-06-12,0.0007959033,0.00030003
2009-06-13,0.00019897583,0.00030003
2009-06-14,0.0,0.0
2009-06-15,0.0,0.0
2009-06-16,0.00019897583,0.00030003
2009-06-17,0.002943341,0.0009000901
2009-06-18,0.00019897583,0.0
2009-06-19,0.0,0.0
2009-06-20,0.0,0.0
2009-06-21,0.0007959033,0.00060006
2009-06-22,0.009749816,0.0069006905
2009-06-23,0.0069904346,0.00540054
2009-06-24,0.006438558,0.00570057
2009-06-25,0.0020235467,0.0018001802
2009-06-26,0.00039795166,0.00030003
2009-06-27,0.0,0.0
2009-06-28,0.0,0.0
2009-06-29,0.0,0.0
2009-06-30,0.0,0.0
2009-07-01,0.0009948793,0.00030003
2009-07-02,0.0,0.0
2009-07-03,0.0,0.0
2009-07-04,0.015636498,0.01290129
2009-07-05,0.04396615,0.03960396
2009-07-06,0.05610743,0.047704775
2009-07-07,0.040654894,0.02970297
2009-07-08,0.059418693,0.03360336
2009-07-09,0.06328183,0.02340234
2009-07-10,0.03642384,0.0066006603
2009-07-11,0.0150846215,0.00060006
2009-07-12,0.0,0.0
2009-07-13,0.0,0.0
2009-07-14,0.00039795166,0.00030003
2009-07-15,0.00019897583,0.0
2009-07-16,0.0,0.0
2009-07-17,0.0,0.0
2009-07-18,0.0,0.0
2009-07-19,0.0,0.0
2009-07-20,0.0,0.0
2009-07-21,0.0,0.0
2009-07-22,0.00019897583,0.00030003
2009-07-23,0.0017907826,0.0015001501
2009-07-24,0.00039795166,0.00030003
2009-07-25,0.0,0.0
2009-07-26,0.0,0.0
2009-07-27,0.0,0.0
2009-07-28,0.0,0.0
2009-07-29,0.0,0.0
2009-07-30,0.0009948793,0.00060006
2009-07-31,0.0,0.0
2009-08-01,0.0,0.0
2009-08-02,0.0,0.0
2009-08-03,0.0,0.0
2009-08-04,0.0,0.0
2009-08-05,0.0,0.0
2009-08-06,0.0,0.0
2009-08-07,0.0,0.0
2009-08-08,0.0,0.0
2009-08-09,0.0,0.0
2009-08-10,0.0,0.0
2009-08-11,0.0,0.0
2009-08-12,0.0,0.0
2009-08-13,0.0,0.0
2009-08-14,0.0,0.0
2009-08-15,0.0,0.0
2009-08-16,0.0,0.0
2009-08-17,0.0,0.0
2009-08-18,0.0,0.0
2009-08-19,0.0,0.0
2009-08-20,0.0,0.0
2009-08-21,0.0,0.0
2009-08-22,0.0,0.0
2009-08-23,0.0,0.0
2009-08-24,0.00019897583,0.0
2009-08-25,0.0,0.0
2009-08-26,0.0,0.0
2009-08-27,0.00039795166,0.00030003
2009-08-28,0.00039795166,0.00030003
2009-08-29,0.00039795166,0.00030003
2009-08-30,0.0,0.0
2009-08-31,0.00039795166,0.0
2009-09-01,0.0022075057,0.0018001802
2009-09-02,0.00019897583,0.0
2009-09-03,0.00039795166,0.00030003
2009-09-04,0.0,0.0
2009-09-05,0.0,0.0
2009-09-06,0.0,0.0
2009-09-07,0.0,0.0
2009-09-08,0.0,0.0
2009-09-09,0.0,0.0
2009-09-10,0.0,0.0
2009-09-11,0.0,0.0
2009-09-12,0.0,0.0
2009-09-13,0.0,0.0
2009-09-14,0.0,0.0
2009-09-15,0.0011938551,0.0009000901
2009-09-16,0.0,0.0
2009-09-17,0.00059692754,0.00030003
2009-09-18,0.00039795166,0.0
2009-09-19,0.0011037529,0.00060006
2009-09-20,0.0,0.0
2009-09-21,0.010943672,0.0015001501
2009-09-22,0.024275055,0.00810081
2009-09-23,0.044371616,0.031503152
2009-09-24,0.025018396,0.02160216
2009-09-25,0.014716704,0.014701471
2009-09-26,0.011221487,0.01140114
2009-09-27,0.0033825894,0.00240024
2009-09-28,0.0119385505,0.0072007207
2009-09-29,0.0063672266,0.00270027
2009-09-30,0.0033112583,0.00120012
2009-10-01,0.0009948793,0.0
2009-10-02,0.0,0.0
2009-10-03,0.0015918066,0.00030003
2009-10-04,0.001392831,0.0
2009-10-05,0.0,0.0
2009-10-06,0.0,0.0
2009-10-07,0.0,0.0
2009-10-08,0.0,0.0
2009-10-09,0.0,0.0
2009-10-10,0.0,0.0
2009-10-11,0.000919794,0.0009000901
2009-10-12,0.0,0.0
2009-10-13,0.0,0.0
2009-10-14,0.0,0.0
2009-10-15,0.00059692754,0.00030003
2009-10-16,0.0,0.0
2009-10-17,0.0014716705,0.00060006
2009-10-18,0.0017907826,0.00120012
2009-10-19,0.0011938551,0.00060006
2009-10-20,0.0017907826,0.00060006
2009-10-21,0.0007959033,0.0009000901
2009-10-22,0.00039795166,0.00030003
2009-10-23,0.00459897,0.00420042
2009-10-24,0.014716704,0.01620162
2009-10-25,0.03495217,0.039303932
2009-10-26,0.04415011,0.04560456
2009-10-27,0.06916851,0.05850585
2009-10-28,0.08296542,0.05160516
2009-10-29,0.10485651,0.04020402
2009-10-30,0.0879323,0.014401441
2009-10-31,0.0,0.0
2009-11-01,0.0,0.0
2009-11-02,0.0,0.0
2009-11-03,0.0,0.0
2009-11-04,0.0,0.0
2009-11-05,0.0011037529,0.0009000901
2009-11-06,0.0023914643,0.00240024
2009-11-07,0.00073583523,0.00060006
2009-11-08,0.0,0.0
2009-11-09,0.006438558,0.00420042
2009-11-10,0.013428993,0.00630063
2009-11-11,0.00772627,0.0018001802
2009-11-12,0.00059692754,0.00030003
2009-11-13,0.0015918066,0.00060006
2009-11-14,0.0059692753,0.0009000901
2009-11-15,0.0033825894,0.00270027
2009-11-16,0.0043774685,0.0033003301
2009-11-17,0.0021887342,0.0015001501
2009-11-18,0.00459897,0.0015001501
2009-11-19,0.021891098,0.01650165
2009-11-20,0.014923189,0.012301231
2009-11-21,0.008094187,0.0078007802
2009-11-22,0.0059692753,0.00510051
2009-11-23,0.004974396,0.00420042
2009-11-24,0.0007959033,0.00060006
2009-11-25,0.0,0.0
2009-11-26,0.0,0.0
2009-11-27,0.0,0.0
2009-11-28,0.0,0.0
2009-11-29,0.0,0.0
2009-11-30,0.0009948793,0.00030003
2009-12-01,0.0,0.0
2009-12-02,0.0,0.0
2009-12-03,0.0,0.0
2009-12-04,0.0,0.0
2009-12-05,0.0,0.0
2009-12-06,0.00039795166,0.00030003
2009-12-07,0.0,0.0
2009-12-08,0.0007959033,0.00030003
2009-12-09,0.008555962,0.0009000901
2009-12-10,0.0060706404,0.0015001501
2009-12-11,0.0049668876,0.00210021
2009-12-12,0.005702723,0.0039003901
2009-12-13,0.005886682,0.00510051
2009-12-14,0.025018396,0.02190219
2009-12-15,0.05665931,0.051305134
2009-12-16,0.05573952,0.04950495
2009-12-17,0.12754352,0.09270927
2009-12-18,0.11644593,0.08040804
2009-12-19,0.10007358,0.04740474
2009-12-20,0.11239883,0.03420342
2009-12-21,0.09896983,0.027602762
2009-12-22,0.031640913,0.01650165
2009-12-23,0.018763797,0.00510051
2009-12-24,0.0022075057,0.0018001802
2009-12-25,0.0023877101,0.0018001802
2009-12-26,0.0047754203,0.00210021
2009-12-27,0.012141281,0.00750075
2009-12-28,0.0150846215,0.01170117
2009-12-29,0.020419426,0.01860186
2009-12-30,0.027458666,0.024002401
2009-12-31,0.036239885,0.03390339
2010-01-01,0.043598235,0.035703573
2010-01-02,0.06567329,0.045004502
2010-01-03,0.06107432,0.02970297
2010-01-04,0.030443303,0.00510051
2010-01-05,0.03090508,0.0036003604
2010-01-06,0.0,0.0
2010-01-07,0.0057702996,0.00120012
2010-01-08,0.0071743936,0.00270027
2010-01-09,0.017476086,0.00840084
2010-01-10,0.0459897,0.03210321
2010-01-11,0.08098317,0.062406242
2010-01-12,0.09841795,0.0879088
2010-01-13,0.1035688,0.09210921
2010-01-14,0.11883739,0.09630963
2010-01-15,0.10117734,0.06750675
2010-01-16,0.06677704,0.03180318
2010-01-17,0.07063642,0.013801381
2010-01-18,0.042310525,0.00540054
2010-01-19,0.00039795166,0.0
2010-01-20,0.0066225166,0.00060006
2010-01-21,0.060090706,0.017701771
2010-01-22,0.06267739,0.02820282
2010-01-23,0.09069169,0.05940594
2010-01-24,0.06438558,0.0420042
2010-01-25,0.057504017,0.03180318
2010-01-26,0.041390732,0.02070207
2010-01-27,0.011405446,0.01140114
2010-01-28,0.007760058,0.0060006003
2010-01-29,0.0047829286,0.0036003604
2010-01-30,0.0031836133,0.0015001501
2010-01-31,0.017476086,0.01170117
2010-02-01,0.017476086,0.013801381
2010-02-02,0.014348787,0.012301231
2010-02-03,0.008094187,0.0069006905
2010-02-04,0.0069904346,0.00510051
2010-02-05,0.0069904346,0.0039003901
2010-02-06,0.03072112,0.02160216
2010-02-07,0.08903606,0.068106815
2010-02-08,0.10412068,0.090009004
2010-02-09,0.07707874,0.060906094
2010-02-10,0.08039,0.0570057
2010-02-11,0.088116266,0.05730573
2010-02-12,0.07700365,0.0390039
2010-02-13,0.09749817,0.0390039
2010-02-14,0.04451803,0.02040204
2010-02-15,0.027458666,0.01410141
2010-02-16,0.014348787,0.00750075
2010-02-17,0.019897584,0.01590159
2010-02-18,0.016372334,0.017701771
2010-02-19,0.013428993,0.01350135
2010-02-20,0.01526858,0.013201321
2010-02-21,0.013331381,0.00750075
2010-02-22,0.013980869,0.00450045
2010-02-23,0.007358352,0.0018001802
2010-02-24,0.034400295,0.01050105
2010-02-25,0.025754232,0.012001201
2010-02-26,0.016372334,0.00870087
2010-02-27,0.012509198,0.00870087
2010-02-28,0.00772627,0.0066006603
2010-03-01,0.0031272995,0.00270027
2010-03-02,0.011773364,0.00930093
2010-03-03,0.01232524,0.0069006905
2010-03-04,0.020971304,0.00750075
2010-03-05,0.012734453,0.00210021
2010-03-06,0.0023877101,0.00210021
2010-03-07,0.002759382,0.00210021
2010-03-08,0.0047754203,0.0033003301
2010-03-09,0.00059692754,0.00060006
2010-03-10,0.00036791762,0.0
2010-03-11,0.02023547,0.012301231
2010-03-12,0.051140547,0.03660366
2010-03-13,0.10287052,0.0870087
2010-03-14,0.08774835,0.08970897
2010-03-15,0.064866126,0.058805883
2010-03-16,0.047093455,0.0390039
2010-03-17,0.03311258,0.02520252
2010-03-18,0.020787343,0.01110111
2010-03-19,0.01692421,0.00810081
2010-03-20,0.005334805,0.00450045
2010-03-21,0.027409863,0.02490249
2010-03-22,0.017844003,0.01110111
2010-03-23,0.00772627,0.0036003604
2010-03-24,0.06144224,0.013201321
2010-03-25,0.10062546,0.04320432
2010-03-26,0.12454011,0.08310831
2010-03-27,0.1410964,0.10441045
2010-03-28,0.15654893,0.13021302
2010-03-29,0.14238411,0.124812484
2010-03-30,0.10824286,0.089108914
2010-03-31,0.07700365,0.05940594
2010-04-01,0.08498897,0.06990699
2010-04-02,0.074319355,0.049204923
2010-04-03,0.05978661,0.02430243
2010-04-04,0.05790197,0.012301231
2010-04-05,0.02317881,0.00990099
2010-04-06,0.049852833,0.040504053
2010-04-07,0.03219279,0.026102612
2010-04-08,0.02133922,0.014701471
2010-04-09,0.008462105,0.00270027
2010-04-10,0.008278145,0.00120012
2010-04-11,0.00039795166,0.00030003
2010-04-12,0.0047829286,0.00480048
2010-04-13,0.0029846376,0.00240024
2010-04-14,0.001392831,0.0009000901
2010-04-15,0.00039795166,0.00030003
2010-04-16,0.0,0.0
2010-04-17,0.0,0.0
2010-04-18,0.0,0.0
2010-04-19,0.0,0.0
2010-04-20,0.00059692754,0.00060006
2010-04-21,0.001392831,0.00030003
2010-04-22,0.005518764,0.00270027
2010-04-23,0.0,0.0
2010-04-24,0.002785662,0.0018001802
2010-04-25,0.0,0.0
2010-04-26,0.0007959033,0.00060006
2010-04-27,0.0007959033,0.00060006
2010-04-28,0.000919794,0.00060006
2010-04-29,0.0009948793,0.00030003
2010-04-30,0.0007959033,0.00030003
2010-05-01,0.017476086,0.00540054
2010-05-02,0.009381899,0.0033003301
2010-05-03,0.029617367,0.013801381
2010-05-04,0.024275055,0.013201321
2010-05-05,0.031089036,0.0180018
2010-05-06,0.043230318,0.01830183
2010-05-07,0.02133922,0.0060006003
2010-05-08,0.009749816,0.0015001501
2010-05-09,0.0,0.0
2010-05-10,0.0,0.0
2010-05-11,0.00059692754,0.00030003
2010-05-12,0.0,0.0
2010-05-13,0.0,0.0
2010-05-14,0.0,0.0
2010-05-15,0.0,0.0
2010-05-16,0.0,0.0
2010-05-17,0.0,0.0
2010-05-18,0.0,0.0
2010-05-19,0.0,0.0
2010-05-20,0.00039795166,0.00030003
2010-05-21,0.00919794,0.0078007802
2010-05-22,0.03495217,0.035703573
2010-05-23,0.035504047,0.038703874
2010-05-24,0.035504047,0.03780378
2010-05-25,0.03863135,0.027302733
2010-05-26,0.025386315,0.0180018
2010-05-27,0.023546727,0.01050105
2010-05-28,0.021891098,0.00510051
2010-05-29,0.03366446,0.0090009
2010-05-30,0.0130610755,0.00990099
2010-05-31,0.002785662,0.00210021
2010-06-01,0.006438558,0.00630063
2010-06-02,0.016188374,0.01620162
2010-06-03,0.04451803,0.04080408
2010-06-04,0.05500368,0.04140414
2010-06-05,0.03256071,0.01590159
2010-06-06,0.02152318,0.0066006603
2010-06-07,0.013980869,0.0018001802
2010-06-08,0.011773364,0.00750075
2010-06-09,0.035320092,0.01830183
2010-06-10,0.05518764,0.01920192
2010-06-11,0.08774835,0.02010201
2010-06-12,0.04764533,0.02370237
2010-06-13,0.04433407,0.01140114
2010-06-14,0.026674027,0.0036003604
2010-06-15,0.0,0.0
2010-06-16,0.000919794,0.00030003
2010-06-17,0.0066225166,0.0036003604
2010-06-18,0.006438558,0.00420042
2010-06-19,0.012693157,0.01110111
2010-06-20,0.012509198,0.01170117
2010-06-21,0.011773364,0.01050105
2010-06-22,0.01361295,0.01080108
2010-06-23,0.008462105,0.00510051
2010-06-24,0.005518764,0.00240024
2010-06-25,0.003679176,0.0018001802
2010-06-26,0.014900662,0.00120012
2010-06-27,0.029617367,0.00570057
2010-06-28,0.030353202,0.01140114
2010-06-29,0.034584254,0.02190219
2010-06-30,0.03274467,0.026402641
2010-07-01,0.038999263,0.0360036
2010-07-02,0.032928623,0.032703273
2010-07-03,0.03495217,0.03480348
2010-07-04,0.034216337,0.030003
2010-07-05,0.037527595,0.02670267
2010-07-06,0.03697572,0.01890189
2010-07-07,0.03384842,0.01050105
2010-07-08,0.03200883,0.00420042
2010-07-09,0.0057702996,0.0015001501
2010-07-10,0.04102281,0.0090009
2010-07-11,0.04930096,0.01920192
2010-07-12,0.040654894,0.025502551
2010-07-13,0.030169243,0.02490249
2010-07-14,0.02299485,0.02280228
2010-07-15,0.023362767,0.02490249
2010-07-16,0.02133922,0.02160216
2010-07-17,0.016004415,0.014701471
2010-07-18,0.005886682,0.00420042
2010-07-19,0.005702723,0.0039003901
2010-07-20,0.046541575,0.00810081
2010-07-21,0.09473878,0.030603062
2010-07-22,0.07707874,0.044104412
2010-07-23,0.094370864,0.06870687
2010-07-24,0.054819725,0.045004502
2010-07-25,0.048197206,0.04290429
2010-07-26,0.040654894,0.0360036
2010-07-27,0.023546727,0.01830183
2010-07-28,0.049852833,0.012001201
2010-07-29,0.096026495,0.03240324
2010-07-30,0.093267106,0.03240324
2010-07-31,0.07284768,0.03810381
2010-08-01,0.06438558,0.05550555
2010-08-02,0.06548934,0.06570657
2010-08-03,0.06291391,0.07110711
2010-08-04,0.10062546,0.08040804
2010-08-05,0.11331862,0.075007506
2010-08-06,0.13153054,0.08430844
2010-08-07,0.11350258,0.06720672
2010-08-08,0.09805004,0.06210621
2010-08-09,0.09400295,0.05340534
2010-08-10,0.05813098,0.06210621
2010-08-11,0.05978661,0.051905192
2010-08-12,0.052244302,0.04710471
2010-08-13,0.0459897,0.0360036
2010-08-14,0.041942608,0.02430243
2010-08-15,0.058866818,0.02130213
2010-08-16,0.057211187,0.014401441
2010-08-17,0.02299485,0.01290129
2010-08-18,0.005886682,0.00270027
2010-08-19,0.001839588,0.00120012
2010-08-20,0.0047754203,0.0030003001
2010-08-21,0.00039795166,0.00030003
2010-08-22,0.0011938551,0.0009000901
2010-08-23,0.001392831,0.0009000901
2010-08-24,0.022626933,0.00120012
2010-08-25,0.03495217,0.0066006603
2010-08-26,0.03495217,0.013801381
2010-08-27,0.035320092,0.022502251
2010-08-28,0.036607802,0.031503152
2010-08-29,0.045621783,0.04680468
2010-08-30,0.054635763,0.05970597
2010-08-31,0.057211187,0.060006
2010-09-01,0.06714497,0.060006
2010-09-02,0.051692422,0.040504053
2010-09-03,0.06028968,0.03660366
2010-09-04,0.057947025,0.03390339
2010-09-05,0.068432674,0.03660366
2010-09-06,0.052244302,0.01650165
2010-09-07,0.037895516,0.01050105
2010-09-08,0.011405446,0.00120012
2010-09-09,0.0,0.0
2010-09-10,0.027458666,0.00120012
2010-09-11,0.021091439,0.0036003604
2010-09-12,0.022075055,0.00540054
2010-09-13,0.03991906,0.013801381
2010-09-14,0.023678126,0.015301531
2010-09-15,0.027041944,0.0210021
2010-09-16,0.07615894,0.036303632
2010-09-17,0.12251656,0.048004802
2010-09-18,0.13539368,0.05250525
2010-09-19,0.13024284,0.05910591
2010-09-20,0.12398823,0.06660666
2010-09-21,0.11276674,0.077707775
2010-09-22,0.12950699,0.074107416
2010-09-23,0.14293599,0.079507954
2010-09-24,0.16353936,0.10051005
2010-09-25,0.16280353,0.108910896
2010-09-26,0.13852097,0.10021002
2010-09-27,0.16096395,0.11821182
2010-09-28,0.15838854,0.11341134
2010-09-29,0.08866814,0.09090909
2010-09-30,0.087012514,0.078607865
2010-10-01,0.09032377,0.06750675
2010-10-02,0.08719647,0.04350435
2010-10-03,0.0774016,0.0150015
2010-10-04,0.06307534,0.00510051
2010-10-05,0.0031836133,0.00270027
2010-10-06,0.00059692754,0.00030003
2010-10-07,0.0,0.0
2010-10-08,0.0,0.0
2010-10-09,0.0033825894,0.00060006
2010-10-10,0.008278145,0.00210021
2010-10-11,0.011773364,0.00510051
2010-10-12,0.014716704,0.00930093
2010-10-13,0.012141281,0.00960096
2010-10-14,0.09988587,0.02040204
2010-10-15,0.09216336,0.03420342
2010-10-16,0.11003364,0.058205824
2010-10-17,0.10522443,0.06690669
2010-10-18,0.11460633,0.07980798
2010-10-19,0.12270051,0.079507954
2010-10-20,0.120309055,0.075007506
2010-10-21,0.11846947,0.09270927
2010-10-22,0.09786608,0.075007506
2010-10-23,0.10301693,0.07350735
2010-10-24,0.065305375,0.05160516
2010-10-25,0.1455114,0.10531054
2010-10-26,0.16280353,0.11821182
2010-10-27,0.17236939,0.14641464
2010-10-28,0.15949227,0.14551456
2010-10-29,0.13833702,0.09120912
2010-10-30,0.14226773,0.04350435
2010-10-31,0.13833702,0.028802883
2010-11-01,0.09952171,0.01650165
2010-11-02,0.02465048,0.01290129
2010-11-03,0.017844003,0.01170117
2010-11-04,0.010301693,0.00810081
2010-11-05,0.025570273,0.00990099
2010-11-06,0.025754232,0.013201321
2010-11-07,0.02005151,0.01290129
2010-11-08,0.021155262,0.01710171
2010-11-09,0.008278145,0.0066006603
2010-11-10,0.020787343,0.015301531
2010-11-11,0.037711553,0.03240324
2010-11-12,0.025202354,0.023102311
2010-11-13,0.048197206,0.04260426
2010-11-14,0.059970573,0.054605465
2010-11-15,0.097682126,0.09360936
2010-11-16,0.15912436,0.10711072
2010-11-17,0.14164828,0.08160816
2010-11-18,0.15194997,0.06870687
2010-11-19,0.12601177,0.04440444
2010-11-20,0.08020604,0.03210321
2010-11-21,0.039367184,0.027302733
2010-11-22,0.027041944,0.024002401
2010-11-23,0.02299485,0.02160216
2010-11-24,0.013980869,0.012301231
2010-11-25,0.016188374,0.01080108
2010-11-26,0.018947758,0.01080108
2010-11-27,0.0047829286,0.0015001501
2010-11-28,0.01821192,0.01050105
2010-11-29,0.03090508,0.030603062
2010-11-30,0.063649744,0.06840684
2010-12-01,0.0772627,0.07230723
2010-12-02,0.15679297,0.050705068
2010-12-03,0.15636498,0.05160516
2010-12-04,0.16611479,0.05370537
2010-12-05,0.13852097,0.07440744
2010-12-06,0.12417219,0.08310831
2010-12-07,0.13005887,0.10831083
2010-12-08,0.12306844,0.11311132
2010-12-09,0.13245033,0.12391239
2010-12-10,0.14054452,0.117911786
2010-12-11,0.1210449,0.09270927
2010-12-12,0.117733635,0.07020702
2010-12-13,0.11313467,0.04080408
2010-12-14,0.10044151,0.02160216
2010-12-15,0.020787343,0.0066006603
2010-12-16,0.02152318,0.0039003901
2010-12-17,0.0020235467,0.0018001802
2010-12-18,0.000919794,0.0009000901
2010-12-19,0.0,0.0
2010-12-20,0.0031836133,0.00240024
2010-12-21,0.0029846376,0.00270027
2010-12-22,0.007358352,0.0066006603
2010-12-23,0.001839588,0.00120012
2010-12-24,0.0023914643,0.00120012
2010-12-25,0.003679176,0.00210021
2010-12-26,0.01526858,0.0090009
2010-12-27,0.011037528,0.01080108
2010-12-28,0.014532745,0.014701471
2010-12-29,0.012509198,0.00870087
2010-12-30,0.005518764,0.0033003301
2010-12-31,0.060890365,0.01650165
2011-01-01,0.09212582,0.03780378
2011-01-02,0.1035688,0.061506152
2011-01-03,0.08738043,0.058205824
2011-01-04,0.08866814,0.068106815
2011-01-05,0.05978661,0.051005103
2011-01-06,0.060154527,0.05160516
2011-01-07,0.05132451,0.04140414
2011-01-08,0.049852833,0.03660366
2011-01-09,0.041390732,0.023102311
2011-01-10,0.04267844,0.01890189
2011-01-11,0.04047094,0.01110111
2011-01-12,0.03826343,0.0078007802
2011-01-13,0.0071743936,0.0060006003
2011-01-14,0.00039795166,0.00030003
2011-01-15,0.03780541,0.0030003001
2011-01-16,0.038999263,0.00540054
2011-01-17,0.040838853,0.014701471
2011-01-18,0.045366492,0.02370237
2011-01-19,0.043376736,0.026402641
2011-01-20,0.045621783,0.035703573
2011-01-21,0.043782197,0.04110411
2011-01-22,0.06254599,0.05970597
2011-01-23,0.08609272,0.065406546
2011-01-24,0.08094188,0.054305434
2011-01-25,0.07818249,0.03990399
2011-01-26,0.06751288,0.01890189
2011-01-27,0.066855885,0.00810081
2011-01-28,0.007959034,0.0018001802
2011-01-29,0.005518764,0.00210021
2011-01-30,0.014348787,0.00810081
2011-01-31,0.018763797,0.014701471
2011-02-01,0.023914644,0.02220222
2011-02-02,0.01986755,0.02040204
2011-02-03,0.010485652,0.01020102
2011-02-04,0.009381899,0.00930093
2011-02-05,0.006438558,0.0060006003
2011-02-06,0.0023877101,0.00120012
2011-02-07,0.010346744,0.0039003901
2011-02-08,0.03200883,0.012301231
2011-02-09,0.07247977,0.0180018
2011-02-10,0.010545719,0.00930093
2011-02-11,0.022259016,0.01860186
2011-02-12,0.03053716,0.02520252
2011-02-13,0.11423842,0.117611766
2011-02-14,0.16979396,0.18061806
2011-02-15,0.20824136,0.2070207
2011-02-16,0.2178072,0.18241824
2011-02-17,0.1880059,0.120312035
2011-02-18,0.18230318,0.12391239
2011-02-19,0.2076895,0.13351336
2011-02-20,0.2620512,0.12631264
2011-02-21,0.11640087,0.07890789
2011-02-22,0.072663724,0.039303932
2011-02-23,0.059234735,0.01860186
2011-02-24,0.051876377,0.00450045
2011-02-25,0.0049668876,0.0009000901
2011-02-26,0.07763062,0.01410141
2011-02-27,0.068447694,0.02520252
2011-02-28,0.06622516,0.03330333
2011-03-01,0.117549665,0.0870087
2011-03-02,0.16225167,0.1389139
2011-03-03,0.22130242,0.1491149
2011-03-04,0.2799853,0.18151815
2011-03-05,0.33903608,0.23642364
2011-03-06,0.3566961,0.2328233
2011-03-07,0.45860928,0.2469247
2011-03-08,0.5034089,0.26762676
2011-03-09,0.39091244,0.2559256
2011-03-10,0.21559973,0.21782179
2011-03-11,0.20952907,0.19711973
2011-03-12,0.23215601,0.18571858
2011-03-13,0.27796176,0.15541555
2011-03-14,0.22553349,0.10531054
2011-03-15,0.14385578,0.04440444
2011-03-16,0.07045622,0.02190219
2011-03-17,0.075974986,0.0156015605
2011-03-18,0.012509198,0.01080108
2011-03-19,0.03200883,0.030903092
2011-03-20,0.04764533,0.03720372
2011-03-21,0.05040471,0.03180318
2011-03-22,0.17410387,0.031203121
2011-03-23,0.13870493,0.045004502
2011-03-24,0.12969096,0.06480648
2011-03-25,0.15949227,0.08310831
2011-03-26,0.15139809,0.10741074
2011-03-27,0.16409124,0.123012304
2011-03-28,0.1777042,0.13411342
2011-03-29,0.20474614,0.16531654
2011-03-30,0.15710081,0.12811281
2011-03-31,0.12748346,0.10321032
2011-04-01,0.1129507,0.08640864
2011-04-02,0.09639441,0.07590759
2011-04-03,0.06188149,0.04680468
2011-04-04,0.097697146,0.07740775
2011-04-05,0.082375996,0.05040504
2011-04-06,0.087564394,0.055205524
2011-04-07,0.0873504,0.039303932
2011-04-08,0.09013981,0.044104412
2011-04-09,0.08443709,0.03960396
2011-04-10,0.049117,0.04470447
2011-04-11,0.07873437,0.07350735
2011-04-12,0.119584486,0.07470747
2011-04-13,0.17669056,0.08970897
2011-04-14,0.2652686,0.15361536
2011-04-15,0.24908023,0.15241525
2011-04-16,0.2420898,0.1770177
2011-04-17,0.23638707,0.19921993
2011-04-18,0.20437823,0.16261627
2011-04-19,0.25386316,0.17821783
2011-04-20,0.12067697,0.1059106
2011-04-21,0.14385578,0.09750975
2011-04-22,0.18763423,0.120312035
2011-04-23,0.17848134,0.12271227
2011-04-24,0.18186393,0.12271227
2011-04-25,0.14882267,0.11071107
2011-04-26,0.106144235,0.108910896
2011-04-27,0.10301693,0.09210921
2011-04-28,0.12674761,0.08220822
2011-04-29,0.1210449,0.051905192
2011-04-30,0.17273732,0.057905793
2011-05-01,0.1674025,0.039303932
2011-05-02,0.05647535,0.035703573
2011-05-03,0.08057395,0.060006
2011-05-04,0.091243565,0.07590759
2011-05-05,0.072825156,0.063006304
2011-05-06,0.07763062,0.07230723
2011-05-07,0.07983812,0.0720072
2011-05-08,0.08903606,0.057605766
2011-05-09,0.11184695,0.06990699
2011-05-10,0.11221486,0.072607264
2011-05-11,0.05978661,0.047704775
2011-05-12,0.014900662,0.01350135
2011-05-13,0.012734453,0.00960096
2011-05-14,0.025269931,0.01650165
2011-05-15,0.035320092,0.027302733
2011-05-16,0.08057395,0.046204623
2011-05-17,0.072295815,0.04650465
2011-05-18,0.07707874,0.0420042
2011-05-19,0.054267846,0.034503452
2011-05-20,0.045366492,0.0270027
2011-05-21,0.050220754,0.03240324
2011-05-22,0.029050473,0.02520252
2011-05-23,0.039183225,0.03180318
2011-05-24,0.019683592,0.01740174
2011-05-25,0.02005151,0.014701471
2011-05-26,0.053532008,0.02130213
2011-05-27,0.051932696,0.028802883
2011-05-28,0.19370861,0.06930693
2011-05-29,0.27465048,0.09360936
2011-05-30,0.29212657,0.12391239
2011-05-31,0.22553349,0.11941194
2011-06-01,0.1817513,0.124812484
2011-06-02,0.18101546,0.14971498
2011-06-03,0.16390729,0.15061507
2011-06-04,0.11162545,0.09210921
2011-06-05,0.107799865,0.09720972
2011-06-06,0.0772627,0.06420642
2011-06-07,0.05573952,0.04290429
2011-06-08,0.029617367,0.02040204
2011-06-09,0.018947758,0.01140114
2011-06-10,0.018763797,0.00870087
2011-06-11,0.01545254,0.0090009
2011-06-12,0.005173372,0.0039003901
2011-06-13,0.003863135,0.0036003604
2011-06-14,0.07082414,0.02010201
2011-06-15,0.16151583,0.04860486
2011-06-16,0.17494482,0.10741074
2011-06-17,0.15213393,0.102010205
2011-06-18,0.14882267,0.11221122
2011-06-19,0.09933776,0.09030903
2011-06-20,0.06181016,0.06840684
2011-06-21,0.08204562,0.088208824
2011-06-22,0.06769684,0.06750675
2011-06-23,0.07192789,0.0570057
2011-06-24,0.093818985,0.06960696
2011-06-25,0.08406917,0.042304233
2011-06-26,0.063833706,0.01590159
2011-06-27,0.0017907826,0.00120012
2011-06-28,0.021891098,0.00960096
2011-06-29,0.031272996,0.026402641
2011-06-30,0.046909492,0.04290429
2011-07-01,0.05500368,0.04710471
2011-07-02,0.058866818,0.0540054
2011-07-03,0.03844739,0.03840384
2011-07-04,0.06107432,0.04980498
2011-07-05,0.04838116,0.03780378
2011-07-06,0.04580574,0.02820282
2011-07-07,0.0459897,0.01590159
2011-07-08,0.04488595,0.02040204
2011-07-09,0.02924945,0.024602462
2011-07-10,0.030443303,0.02580258
2011-07-11,0.09584253,0.051305134
2011-07-12,0.0857248,0.047704775
2011-07-13,0.07799853,0.04320432
2011-07-14,0.08462105,0.05850585
2011-07-15,0.09069169,0.06780678
2011-07-16,0.08682855,0.07020702
2011-07-17,0.10301693,0.08040804
2011-07-18,0.16905814,0.099309936
2011-07-19,0.15103018,0.07890789
2011-07-20,0.09142752,0.06420642
2011-07-21,0.09179544,0.06750675
2011-07-22,0.09878588,0.06690669
2011-07-23,0.051508464,0.02370237
2011-07-24,0.015820457,0.0078007802
2011-07-25,0.008462105,0.00540054
2011-07-26,0.063833706,0.0180018
2011-07-27,0.15342164,0.0570057
2011-07-28,0.27483445,0.12391239
2011-07-29,0.35522443,0.2208221
2011-07-30,0.32211185,0.23642364
2011-07-31,0.3544886,0.32013202
2011-08-01,0.33278146,0.34533453
2011-08-02,0.37619573,0.39303932
2011-08-03,0.34179544,0.34203422
2011-08-04,0.34243745,0.26162618
2011-08-05,0.30150846,0.21062107
2011-08-06,0.19904342,0.15421543
2011-08-07,0.21504784,0.13561356
2011-08-08,0.16206771,0.088208824
2011-08-09,0.16317146,0.06690669
2011-08-10,0.07100809,0.024602462
2011-08-11,0.014532745,0.0090009
2011-08-12,0.009381899,0.00570057
2011-08-13,0.0033112583,0.00210021
2011-08-14,0.00039795166,0.00030003
2011-08-15,0.03219279,0.00210021
2011-08-16,0.104488604,0.01710171
2011-08-17,0.1147903,0.039303932
2011-08-18,0.12932304,0.0720072
2011-08-19,0.11662988,0.0930093
2011-08-20,0.11681384,0.1119112
2011-08-21,0.118285514,0.11011101
2011-08-22,0.1366814,0.13771378
2011-08-23,0.16169979,0.16321632
2011-08-24,0.09657837,0.0870087
2011-08-25,0.14072849,0.05850585
2011-08-26,0.096304305,0.03480348
2011-08-27,0.10522443,0.054905493
2011-08-28,0.084805004,0.04950495
2011-08-29,0.06935246,0.051305134
2011-08-30,0.10908757,0.06390639
2011-08-31,0.14790288,0.1050105
2011-09-01,0.18469463,0.14221422
2011-09-02,0.21008095,0.16261627
2011-09-03,0.21228847,0.15871587
2011-09-04,0.26453274,0.159916
2011-09-05,0.19186904,0.15901591
2011-09-06,0.25772628,0.15001501
2011-09-07,0.19168507,0.12151215
2011-09-08,0.19039735,0.11341134
2011-09-09,0.20566595,0.13441344
2011-09-10,0.21946286,0.14851485
2011-09-11,0.22130242,0.15781578
2011-09-12,0.23693894,0.17161717
2011-09-13,0.2669242,0.21152116
2011-09-14,0.27888155,0.19201921
2011-09-15,0.3119941,0.21872187
2011-09-16,0.3951435,0.2631263
2011-09-17,0.31364977,0.20972097
2011-09-18,0.2621413,0.19171917
2011-09-19,0.3313098,0.20732073
2011-09-20,0.276858,0.20762077
2011-09-21,0.21449597,0.14581458
2011-09-22,0.28955117,0.1050105
2011-09-23,0.49484918,0.16411641
2011-09-24,0.60743195,0.20942093
2011-09-25,0.48546726,0.24812481
2011-09-26,0.43653426,0.3249325
2011-09-27,0.3062914,0.2991299
2011-09-28,0.34050775,0.36663666
2011-09-29,0.32983813,0.3561356
2011-09-30,0.29010677,0.2709271
2011-10-01,0.28587198,0.27722773
2011-10-02,0.30323917,0.1770177
2011-10-03,0.21210448,0.12661266
2011-10-04,0.35301694,0.13981397
2011-10-05,0.209897,0.10741074
2011-10-06,0.2393304,0.11281128
2011-10-07,0.21762325,0.117911786
2011-10-08,0.16758648,0.1410141
2011-10-09,0.2192789,0.13081309
2011-10-10,0.26103753,0.18001801
2011-10-11,0.28256074,0.19741976
2011-10-12,0.32266375,0.22712271
2011-10-13,0.346019,0.23462346
2011-10-14,0.38668138,0.31743175
2011-10-15,0.32632038,0.2538254
2011-10-16,0.36203092,0.32943296
2011-10-17,0.4045254,0.32403243
2011-10-18,0.37895513,0.29432943
2011-10-19,0.39576298,0.1980198
2011-10-20,0.32211185,0.1428143
2011-10-21,0.48031643,0.2628263
2011-10-22,0.500184,0.2550255
2011-10-23,0.3563282,0.21962197
2011-10-24,0.28135183,0.17281727
2011-10-25,0.28016925,0.2088209
2011-10-26,0.22626933,0.1980198
2011-10-27,0.2102649,0.21242124
2011-10-28,0.22442973,0.22922292
2011-10-29,0.19113319,0.19651966
2011-10-30,0.16004415,0.15571557
2011-10-31,0.1714496,0.14611462
2011-11-01,0.19039735,0.10261027
2011-11-02,0.6171818,0.122112215
2011-11-03,0.66298753,0.24752477
2011-11-04,0.54580575,0.2970297
2011-11-05,0.5393672,0.38403842
2011-11-06,0.6229934,0.41854188
2011-11-07,0.5963944,0.5286529
2011-11-08,0.6175497,0.60816085
2011-11-09,0.47216967,0.41704172
2011-11-10,0.46719527,0.3915392
2011-11-11,0.43257347,0.31713173
2011-11-12,0.44058135,0.28142816
2011-11-13,0.34920263,0.16051605
2011-11-14,0.3151214,0.1440144
2011-11-15,0.28440028,0.14671467
2011-11-16,0.20290655,0.08220822
2011-11-17,0.20088302,0.07230723
2011-11-18,0.18248713,0.07530753
2011-11-19,0.18340692,0.09360936
2011-11-20,0.28384843,0.120012
2011-11-21,0.23996487,0.12121212
2011-11-22,0.21376012,0.15661566
2011-11-23,0.21767958,0.1530153
2011-11-24,0.21633555,0.17311731
2011-11-25,0.21964681,0.17431743
2011-11-26,0.2009656,0.15451546
2011-11-27,0.1721141,0.13621363
2011-11-28,0.1392568,0.11011101
2011-11-29,0.19400145,0.09960996
2011-11-30,0.20235844,0.102010205
2011-12-01,0.18248713,0.120012
2011-12-02,0.28329656,0.22262226
2011-12-03,0.32947022,0.28052807
2011-12-04,0.39974248,0.37233725
2011-12-05,0.34676236,0.32043204
2011-12-06,0.26913172,0.24122413
2011-12-07,0.1839588,0.15811582
2011-12-08,0.18947756,0.10441045
2011-12-09,0.20972054,0.097809784
2011-12-10,0.21389903,0.09630963
2011-12-11,0.25551876,0.11581159
2011-12-12,0.107615896,0.09030903
2011-12-13,0.10264902,0.07980798
2011-12-14,0.09841795,0.077707775
2011-12-15,0.06456954,0.058805883
2011-12-16,0.09492274,0.084608465
2011-12-17,0.08296542,0.052805282
2011-12-18,0.087947324,0.051005103
2011-12-19,0.10080942,0.065406546
2011-12-20,0.14067592,0.08040804
2011-12-21,0.21983077,0.16051605
2011-12-22,0.30647537,0.19861987
2011-12-23,0.40746874,0.22562256
2011-12-24,0.24227375,0.19351934
2011-12-25,0.20136355,0.14341435
2011-12-26,0.25165564,0.1908191
2011-12-27,0.27869758,0.20132014
2011-12-28,0.27961737,0.17521752
2011-12-29,0.3175129,0.15421543
2011-12-30,0.299117,0.15511551
2011-12-31,0.27520236,0.15241525
2012-01-01,0.15434143,0.13261326
2012-01-02,0.19058132,0.17911792
2012-01-03,0.28234673,0.16861688
2012-01-04,0.3163716,0.18961896
2012-01-05,0.23804268,0.14851485
2012-01-06,0.27796924,0.15781578
2012-01-07,0.28292865,0.17881788
2012-01-08,0.26048568,0.15781578
2012-01-09,0.33333334,0.20222023
2012-01-10,0.25846213,0.15361536
2012-01-11,0.19830757,0.08520852
2012-01-12,0.105960265,0.052805282
2012-01-13,0.09473878,0.06030603
2012-01-14,0.12674761,0.09210921
2012-01-15,0.31517774,0.090009004
2012-01-16,0.32174394,0.101410136
2012-01-17,0.32015213,0.1449145
2012-01-18,0.29304639,0.19651966
2012-01-19,0.25974983,0.21992199
2012-01-20,0.22240618,0.20732073
2012-01-21,0.27520236,0.23432344
2012-01-22,0.21228847,0.16981699
2012-01-23,0.20088302,0.14311431
2012-01-24,0.1942605,0.1110111
2012-01-25,0.20198677,0.101110116
2012-01-26,0.10927153,0.048004802
2012-01-27,0.12711553,0.048304833
2012-01-28,0.10117734,0.05550555
2012-01-29,0.09253128,0.06630663
2012-01-30,0.09694629,0.07440744
2012-01-31,0.106144235,0.09330933
2012-02-01,0.12711553,0.12181219
2012-02-02,0.13428994,0.12811281
2012-02-03,0.10044151,0.09210921
2012-02-04,0.07468727,0.054605465
2012-02-05,0.062362034,0.03360336
2012-02-06,0.08130979,0.029102912
2012-02-07,0.09915379,0.01740174
2012-02-08,0.01066961,0.00510051
2012-02-09,0.037527595,0.025502551
2012-02-10,0.08020604,0.07710771
2012-02-11,0.13852097,0.15511551
2012-02-12,0.14937454,0.1569157
2012-02-13,0.15397352,0.11581159
2012-02-14,0.12325239,0.08430844
2012-02-15,0.09713025,0.060906094
2012-02-16,0.08536064,0.03990399
2012-02-17,0.082229584,0.03840384
2012-02-18,0.04267844,0.0330033
2012-02-19,0.045366492,0.03510351
2012-02-20,0.10025754,0.10051005
2012-02-21,0.118101545,0.11281128
2012-02-22,0.09970567,0.08250825
2012-02-23,0.08940398,0.04380438
2012-02-24,0.10669611,0.03960396
2012-02-25,0.1147903,0.03840384
2012-02-26,0.093818985,0.024602462
2012-02-27,0.03072112,0.02490249
2012-02-28,0.03495217,0.0330033
2012-02-29,0.033296544,0.032703273
2012-03-01,0.02924945,0.027902791
2012-03-02,0.031272996,0.02670267
2012-03-03,0.22645329,0.04080408
2012-03-04,0.30739516,0.09420942
2012-03-05,0.31916854,0.16531654
2012-03-06,0.38796914,0.28352836
2012-03-07,0.4161148,0.38613862
2012-03-08,0.3778514,0.38643867
2012-03-09,0.419794,0.4062406
2012-03-10,0.37067696,0.33393338
2012-03-11,0.32523915,0.23342334
2012-03-12,0.28697574,0.17041704
2012-03-13,0.22332598,0.11881188
2012-03-14,0.24852833,0.12511252
2012-03-15,0.072427206,0.054905493
2012-03-16,0.085540846,0.08220822
2012-03-17,0.06732892,0.058805883
2012-03-18,0.09657837,0.075007506
2012-03-19,0.08462105,0.048904892
2012-03-20,0.12969096,0.0390039
2012-03-21,0.083885215,0.022502251
2012-03-22,0.04019312,0.01860186
2012-03-23,0.041206773,0.024002401
2012-03-24,0.12343636,0.047704775
2012-03-25,0.096304305,0.04260426
2012-03-26,0.08443709,0.051005103
2012-03-27,0.11092716,0.09090909
2012-03-28,0.11037528,0.099309936
2012-03-29,0.09786608,0.090609066
2012-03-30,0.11405445,0.10081008
2012-03-31,0.09473878,0.07320732
2012-04-01,0.07652686,0.0540054
2012-04-02,0.084805004,0.05310531
2012-04-03,0.07211185,0.04590459
2012-04-04,0.07523915,0.05010501
2012-04-05,0.07395144,0.064506456
2012-04-06,0.09069169,0.07110711
2012-04-07,0.057579104,0.03330333
2012-04-08,0.040838853,0.012301231
2012-04-09,0.04746137,0.0069006905
2012-04-10,0.002943341,0.00060006
2012-04-11,0.0086460635,0.00570057
2012-04-12,0.029617367,0.028802883
2012-04-13,0.052612215,0.051305134
2012-04-14,0.05003679,0.04650465
2012-04-15,0.11662988,0.04320432
2012-04-16,0.072663724,0.024602462
2012-04-17,0.13251792,0.05370537
2012-04-18,0.17034584,0.13051306
2012-04-19,0.22939664,0.21722174
2012-04-20,0.37885,0.30123013
2012-04-21,0.49264166,0.4359436
2012-04-22,0.4830758,0.37863788
2012-04-23,0.47553352,0.34353435
2012-04-24,0.36810157,0.2571257
2012-04-25,0.3009566,0.2139214
2012-04-26,0.1598602,0.13741374
2012-04-27,0.1366814,0.10831083
2012-04-28,0.15507728,0.08040804
2012-04-29,0.19002944,0.08160816
2012-04-30,0.19205299,0.097809784
2012-05-01,0.16188376,0.1059106
2012-05-02,0.14679912,0.11911192
2012-05-03,0.13649742,0.11221122
2012-05-04,0.1285872,0.10861087
2012-05-05,0.29451802,0.10831083
2012-05-06,0.3478661,0.1149115
2012-05-07,0.3519883,0.1719172
2012-05-08,0.33646065,0.1860186
2012-05-09,0.32431936,0.2190219
2012-05-10,0.37380427,0.32763278
2012-05-11,0.37030905,0.3780378
2012-05-12,0.38778517,0.35433546
2012-05-13,0.3116262,0.2721272
2012-05-14,0.24190581,0.17461747
2012-05-15,0.23896249,0.15901591
2012-05-16,0.23841059,0.14941494
2012-05-17,0.25846213,0.18001801
2012-05-18,0.26986757,0.2109211
2012-05-19,0.28863135,0.24722473
2012-05-20,0.2665563,0.21482147
2012-05-21,0.24797647,0.18751876
2012-05-22,0.17200148,0.1149115
2012-05-23,0.16353936,0.097809784
2012-05-24,0.12380427,0.07740775
2012-05-25,0.12288448,0.06720672
2012-05-26,0.16464312,0.078607865
2012-05-27,0.16317146,0.10261027
2012-05-28,0.17384106,0.13471347
2012-05-29,0.17825608,0.15391539
2012-05-30,0.15434143,0.13111311
2012-05-31,0.11739575,0.0540054
2012-06-01,0.22424577,0.09870988
2012-06-02,0.21541575,0.105610564
2012-06-03,0.20382634,0.13741374
2012-06-04,0.1955482,0.15391539
2012-06-05,0.20198677,0.20552054
2012-06-06,0.23749082,0.2430243
2012-06-07,0.19370861,0.1890189
2012-06-08,0.14403975,0.11821182
2012-06-09,0.15415747,0.08160816
2012-06-10,0.24742459,0.10621062
2012-06-11,0.24926418,0.10621062
2012-06-12,0.25680646,0.17131715
2012-06-13,0.24742459,0.23042306
2012-06-14,0.30647537,0.32253227
2012-06-15,0.3598234,0.38283828
2012-06-16,0.3188006,0.3150315
2012-06-17,0.2728109,0.23432344
2012-06-18,0.28135183,0.15511551
2012-06-19,0.23215601,0.10741074
2012-06-20,0.18340692,0.0540054
2012-06-21,0.1536056,0.01710171
2012-06-22,0.006438558,0.00540054
2012-06-23,0.0051508467,0.00510051
2012-06-24,0.0023914643,0.0018001802
2012-06-25,0.018579839,0.0078007802
2012-06-26,0.06567329,0.04020402
2012-06-27,0.16169979,0.101410136
2012-06-28,0.2298171,0.12871288
2012-06-29,0.2402502,0.16621663
2012-06-30,0.2934143,0.23072307
2012-07-01,0.3143856,0.2811281
2012-07-02,0.3442282,0.31263125
2012-07-03,0.3554084,0.36543655
2012-07-04,0.39587933,0.38253826
2012-07-05,0.40470937,0.33843386
2012-07-06,0.52207506,0.2640264
2012-07-07,0.75588673,0.249925
2012-07-08,0.76949966,0.25352535
2012-07-09,0.65085,0.3468347
2012-07-10,0.46854308,0.42304233
2012-07-11,0.42935985,0.43744373
2012-07-12,0.415379,0.44254425
2012-07-13,0.38061076,0.3936394
2012-07-14,0.48712292,0.44644466
2012-07-15,0.4617366,0.33063307
2012-07-16,0.40470937,0.20252027
2012-07-17,0.3416115,0.08280828
2012-07-18,0.21909495,0.048904892
2012-07-19,0.048749086,0.02580258
2012-07-20,0.035504047,0.022502251
2012-07-21,0.020419426,0.01890189
2012-07-22,0.028329656,0.02580258
2012-07-23,0.09345107,0.02580258
2012-07-24,0.107799865,0.027902791
2012-07-25,0.105408385,0.03720372
2012-07-26,0.1536056,0.065406546
2012-07-27,0.15618102,0.087308735
2012-07-28,0.25055188,0.14161417
2012-07-29,0.26766005,0.17551756
2012-07-30,0.31736645,0.21452147
2012-07-31,0.3038361,0.21032104
2012-08-01,0.2965416,0.22172217
2012-08-02,0.31291392,0.21272127
2012-08-03,0.3062914,0.19171917
2012-08-04,0.28679177,0.18061806
2012-08-05,0.2728109,0.1689169
2012-08-06,0.17568065,0.120012
2012-08-07,0.3116262,0.12511252
2012-08-08,0.21559973,0.117611766
2012-08-09,0.2446652,0.1440144
2012-08-10,0.25018397,0.16051605
2012-08-11,0.19793966,0.13441344
2012-08-12,0.14716704,0.10921093
2012-08-13,0.10191317,0.103810385
2012-08-14,0.09192684,0.08760876
2012-08-15,0.08866814,0.08580858
2012-08-16,0.10154526,0.06390639
2012-08-17,0.12509198,0.06780678
2012-08-18,0.120309055,0.04560456
2012-08-19,0.16151583,0.03960396
2012-08-20,0.05500368,0.03780378
2012-08-21,0.07247977,0.045304533
2012-08-22,0.052244302,0.042304233
2012-08-23,0.07045622,0.03810381
2012-08-24,0.072295815,0.04950495
2012-08-25,0.17236939,0.084608465
2012-08-26,0.14937454,0.089108914
2012-08-27,0.14716704,0.10171017
2012-08-28,0.117733635,0.087308735
2012-08-29,0.09345107,0.08160816
2012-08-30,0.15378956,0.11641165
2012-08-31,0.22075056,0.1560156
2012-09-01,0.2862399,0.16291629
2012-09-02,0.26011774,0.19201921
2012-09-03,0.26802796,0.19231923
2012-09-04,0.24503312,0.21752176
2012-09-05,0.16243562,0.12181219
2012-09-06,0.14164828,0.0990099
2012-09-07,0.18046358,0.12271227
2012-09-08,0.22884475,0.1050105
2012-09-09,0.16335541,0.09120912
2012-09-10,0.08854426,0.03960396
2012-09-11,0.119757175,0.0390039
2012-09-12,0.09418691,0.0390039
2012-09-13,0.11442237,0.065406546
2012-09-14,0.1147903,0.08670867
2012-09-15,0.09473878,0.07920792
2012-09-16,0.08627668,0.07980798
2012-09-17,0.07781457,0.074107416
2012-09-18,0.14440766,0.06330633
2012-09-19,0.1558131,0.05010501
2012-09-20,0.1536056,0.054905493
2012-09-21,0.15746874,0.06780678
2012-09-22,0.10871965,0.0870087
2012-09-23,0.12214864,0.11551155
2012-09-24,0.1545254,0.12601261
2012-09-25,0.16041207,0.12241225
2012-09-26,0.24282561,0.11731173
2012-09-27,0.22222222,0.11641165
2012-09-28,0.1861663,0.11341134
2012-09-29,0.22093451,0.15181518
2012-09-30,0.27133924,0.16021602
2012-10-01,0.19131716,0.16351636
2012-10-02,0.15912436,0.15061507
2012-10-03,0.19334069,0.14161417
2012-10-04,0.1808315,0.11671167
2012-10-05,0.18653421,0.10771077
2012-10-06,0.16979396,0.0780078
2012-10-07,0.13612951,0.05670567
2012-10-08,0.16243562,0.06930693
2012-10-09,0.16887417,0.07020702
2012-10-10,0.17972775,0.0780078
2012-10-11,0.16574688,0.07890789
2012-10-12,0.18727006,0.089108914
2012-10-13,0.17402503,0.1080108
2012-10-14,0.1585725,0.120312035
2012-10-15,0.20640178,0.1530153
2012-10-16,0.1808315,0.14071408
2012-10-17,0.119389266,0.09991
2012-10-18,0.16850626,0.09180918
2012-10-19,0.24172185,0.11551155
2012-10-20,0.19720384,0.1209121
2012-10-21,0.30408388,0.12661266
2012-10-22,0.2994849,0.17131715
2012-10-23,0.30776307,0.1809181
2012-10-24,0.25864607,0.18301831
2012-10-25,0.22718912,0.20822082
2012-10-26,0.21909495,0.21482147
2012-10-27,0.21136867,0.2079208
2012-10-28,0.1880059,0.1719172
2012-10-29,0.17089772,0.12781277
2012-10-30,0.16353936,0.09360936
2012-10-31,0.10301693,0.06330633
2012-11-01,0.11162545,0.040504053
2012-11-02,0.11331862,0.03360336
2012-11-03,0.046541575,0.017701771
2012-11-04,0.03991906,0.01110111
2012-11-05,0.02299485,0.01350135
2012-11-06,0.04267844,0.01170117
2012-11-07,0.03256071,0.012001201
2012-11-08,0.121972196,0.02130213
2012-11-09,0.10306949,0.03480348
2012-11-10,0.14091244,0.077707775
2012-11-11,0.2205666,0.12871288
2012-11-12,0.27317882,0.19861987
2012-11-13,0.28587198,0.21452147
2012-11-14,0.26821193,0.2190219
2012-11-15,0.21100076,0.18421842
2012-11-16,0.18947756,0.15421543
2012-11-17,0.16685063,0.13321333
2012-11-18,0.15342164,0.12781277
2012-11-19,0.19720384,0.14761476
2012-11-20,0.18469463,0.13951395
2012-11-21,0.18248713,0.16591659
2012-11-22,0.24006625,0.23162317
2012-11-23,0.19076528,0.17971797
2012-11-24,0.19628404,0.10861087
2012-11-25,0.18156734,0.081908196
2012-11-26,0.15305372,0.10171017
2012-11-27,0.22111847,0.123012304
2012-11-28,0.26158944,0.13021302
2012-11-29,0.23730685,0.11671167
2012-11-30,0.21486388,0.1119112
2012-12-01,0.15194997,0.12181219
2012-12-02,0.106144235,0.10951095
2012-12-03,0.072295815,0.074107416
2012-12-04,0.07192789,0.07470747
2012-12-05,0.05813098,0.051305134
2012-12-06,0.046541575,0.034503452
2012-12-07,0.04580574,0.02490249
2012-12-08,0.055923477,0.023102311
2012-12-09,0.06456954,0.03840384
2012-12-10,0.056291394,0.05910591
2012-12-11,0.052244302,0.055805583
2012-12-12,0.04838116,0.045004502
2012-12-13,0.049484916,0.045304533
2012-12-14,0.08496269,0.06330633
2012-12-15,0.22829288,0.07740775
2012-12-16,0.21817514,0.08520852
2012-12-17,0.17623253,0.07230723
2012-12-18,0.21541575,0.091509156
2012-12-19,0.13355409,0.08670867
2012-12-20,0.12785137,0.0930093
2012-12-21,0.12157424,0.09960996
2012-12-22,0.13281825,0.12931293
2012-12-23,0.11321726,0.0990099
2012-12-24,0.09451353,0.08040804
2012-12-25,0.06144224,0.060006
2012-12-26,0.058866818,0.04980498
2012-12-27,0.087564394,0.02340234
2012-12-28,0.09345107,0.0270027
2012-12-29,0.06665691,0.02850285
2012-12-30,0.06387125,0.038703874
2012-12-31,0.14293599,0.07890789
2013-01-01,0.1451435,0.10741074
2013-01-02,0.20732155,0.1440144
2013-01-03,0.24834438,0.18541855
2013-01-04,0.36184695,0.2070207
2013-01-05,0.42531276,0.19411941
2013-01-06,0.50699043,0.17461747
2013-01-07,0.3436313,0.14191419
2013-01-08,0.42457694,0.18451846
2013-01-09,0.4380059,0.19711973
2013-01-10,0.4795806,0.29462948
2013-01-11,0.47019866,0.36753675
2013-01-12,0.49319354,0.44104412
2013-01-13,0.46725535,0.45214522
2013-01-14,0.37380427,0.369937
2013-01-15,0.31107435,0.3120312
2013-01-16,0.27097133,0.2490249
2013-01-17,0.27896413,0.20972097
2013-01-18,0.19610009,0.13741374
2013-01-19,0.17291002,0.07230723
2013-01-20,0.07983812,0.04290429
2013-01-21,0.068616636,0.058805883
2013-01-22,0.09878588,0.08220822
2013-01-23,0.097682126,0.05610561
2013-01-24,0.10632819,0.04590459
2013-01-25,0.09271524,0.04020402
2013-01-26,0.09234732,0.035403542
2013-01-27,0.06548934,0.045004502
2013-01-28,0.05371597,0.03960396
2013-01-29,0.105457194,0.042304233
2013-01-30,0.08535688,0.052805282
2013-01-31,0.080022074,0.058205824
2013-02-01,0.13557763,0.068106815
2013-02-02,0.15562914,0.085508555
2013-02-03,0.14532745,0.09570957
2013-02-04,0.106144235,0.0780078
2013-02-05,0.08866814,0.0720072
2013-02-06,0.07155997,0.058805883
2013-02-07,0.06824871,0.05010501
2013-02-08,0.0919794,0.06270627
2013-02-09,0.12049302,0.08430844
2013-02-10,0.17273732,0.08040804
2013-02-11,0.11055923,0.06480648
2013-02-12,0.09786608,0.058205824
2013-02-13,0.07143233,0.03720372
2013-02-14,0.057579104,0.035703573
2013-02-15,0.06732892,0.039303932
2013-02-16,0.07100809,0.0390039
2013-02-17,0.13134658,0.08040804
2013-02-18,0.115526125,0.08640864
2013-02-19,0.16593084,0.13741374
2013-02-20,0.23657103,0.17281727
2013-02-21,0.24595292,0.13291329
2013-02-22,0.19849156,0.061506152
2013-02-23,0.12913533,0.030003
2013-02-24,0.045069907,0.01110111
2013-02-25,0.029448425,0.01350135
2013-02-26,0.043782197,0.03780378
2013-02-27,0.052980132,0.05160516
2013-02-28,0.13612951,0.06780678
2013-03-01,0.19223695,0.10861087
2013-03-02,0.1714496,0.103810385
2013-03-03,0.12656365,0.07470747
2013-03-04,0.11313467,0.05730573
2013-03-05,0.06659309,0.04380438
2013-03-06,0.06806476,0.026102612
2013-03-07,0.082781464,0.03480348
2013-03-08,0.05739515,0.04350435
2013-03-09,0.08953913,0.04440444
2013-03-10,0.13502575,0.07710771
2013-03-11,0.17844003,0.08970897
2013-03-12,0.19701986,0.1320132
2013-03-13,0.2281089,0.19141914
2013-03-14,0.22921266,0.20732073
2013-03-15,0.22792494,0.2118212
2013-03-16,0.25568396,0.18931894
2013-03-17,0.26065835,0.16471648
2013-03-18,0.28513238,0.13081309
2013-03-19,0.1902134,0.09450945
2013-03-20,0.1545254,0.069006905
2013-03-21,0.1433039,0.03960396
2013-03-22,0.15158206,0.02130213
2013-03-23,0.08922002,0.02160216
2013-03-24,0.07155997,0.02220222
2013-03-25,0.07983812,0.02670267
2013-03-26,0.039994143,0.026402641
2013-03-27,0.034768213,0.02970297
2013-03-28,0.057027224,0.03360336
2013-03-29,0.09694629,0.06060606
2013-03-30,0.19812362,0.07590759
2013-03-31,0.24374542,0.09180918
2013-04-01,0.20437823,0.10351035
2013-04-02,0.19039735,0.11521153
2013-04-03,0.20345843,0.16321632
2013-04-04,0.18598235,0.170117
2013-04-05,0.17328918,0.18121813
2013-04-06,0.22608538,0.19561957
2013-04-07,0.2562546,0.20822082
2013-04-08,0.31806478,0.2451245
2013-04-09,0.3478098,0.2160216
2013-04-10,0.48252395,0.2889289
2013-04-11,0.32781458,0.2451245
2013-04-12,0.3747241,0.249925
2013-04-13,0.2652686,0.19471948
2013-04-14,0.24282561,0.14821483
2013-04-15,0.17016189,0.11521153
2013-04-16,0.1309261,0.097809784
2013-04-17,0.1416708,0.09180918
2013-04-18,0.11736571,0.06210621
2013-04-19,0.09676232,0.054905493
2013-04-20,0.13116263,0.092409246
2013-04-21,0.18027212,0.1548155
2013-04-22,0.17236939,0.15421543
2013-04-23,0.21559973,0.14041404
2013-04-24,0.35954937,0.13801381
2013-04-25,0.45897722,0.12961297
2013-04-26,0.33701253,0.12421242
2013-04-27,0.23565122,0.14731474
2013-04-28,0.20033112,0.16621663
2013-04-29,0.28863135,0.18961896
2013-04-30,0.4175865,0.27722773
2013-05-01,0.39385578,0.28862885
2013-05-02,0.3116262,0.24152416
2013-05-03,0.26821193,0.23162317
2013-05-04,0.33977193,0.29072908
2013-05-05,0.2755703,0.23702371
2013-05-06,0.24227375,0.2118212
2013-05-07,0.16629875,0.15001501
2013-05-08,0.17752025,0.13441344
2013-05-09,0.19867551,0.10621062
2013-05-10,0.22755703,0.087308735
2013-05-11,0.37582782,0.08010801
2013-05-12,0.33590877,0.14641464
2013-05-13,0.36497426,0.2430243
2013-05-14,0.36902136,0.24272427
2013-05-15,0.32433063,0.2340234
2013-05-16,0.33039,0.2982298
2013-05-17,0.28145698,0.26582658
2013-05-18,0.22700515,0.20462047
2013-05-19,0.20290655,0.15541555
2013-05-20,0.18635026,0.1059106
2013-05-21,0.19922738,0.07560756
2013-05-22,0.19150111,0.07590759
2013-05-23,0.24135394,0.12511252
2013-05-24,0.22111847,0.1878188
2013-05-25,0.20382634,0.18241824
2013-05-26,0.19559325,0.1719172
2013-05-27,0.12693158,0.10861087
2013-05-28,0.08535688,0.071707174
2013-05-29,0.0835173,0.061506152
2013-05-30,0.052244302,0.031203121
2013-05-31,0.0459897,0.02220222
2013-06-01,0.017660046,0.01620162
2013-06-02,0.07155997,0.06750675
2013-06-03,0.13410597,0.118511856
2013-06-04,0.14992642,0.10681068
2013-06-05,0.14017661,0.07710771
2013-06-06,0.16648272,0.08220822
2013-06-07,0.14644621,0.07230723
2013-06-08,0.06604121,0.07380738
2013-06-09,0.07045622,0.06990699
2013-06-10,0.04433407,0.034503452
2013-06-11,0.014164828,0.00750075
2013-06-12,0.017292127,0.01110111
2013-06-13,0.04470199,0.02340234
2013-06-14,0.106512144,0.07230723
2013-06-15,0.1754967,0.09330933
2013-06-16,0.25257543,0.08880888
2013-06-17,0.28145698,0.12151215
2013-06-18,0.22314203,0.15181518
2013-06-19,0.17972775,0.1530153
2013-06-20,0.24911776,0.17821783
2013-06-21,0.26986757,0.21992199
2013-06-22,0.35356882,0.269727
2013-06-23,0.2897351,0.16831683
2013-06-24,0.25423107,0.13081309
2013-06-25,0.2317881,0.09330933
2013-06-26,0.09400295,0.07020702
2013-06-27,0.07928625,0.060006
2013-06-28,0.092899196,0.052205224
2013-06-29,0.087012514,0.07590759
2013-06-30,0.086460635,0.05940594
2013-07-01,0.09860192,0.054305434
2013-07-02,0.2527594,0.04980498
2013-07-03,0.27869758,0.08970897
2013-07-04,0.27740985,0.1548155
2013-07-05,0.290287,0.22862287
2013-07-06,0.34308314,0.31803182
2013-07-07,0.32137603,0.330033
2013-07-08,0.31677708,0.34293428
2013-07-09,0.28237677,0.30033004
2013-07-10,0.18763797,0.17431743
2013-07-11,0.12306844,0.08040804
2013-07-12,0.048565123,0.02130213
2013-07-13,0.054635763,0.02160216
2013-07-14,0.095474616,0.03480348
2013-07-15,0.119757175,0.04980498
2013-07-16,0.14992642,0.081308134
2013-07-17,0.11092716,0.07440744
2013-07-18,0.12654863,0.08850885
2013-07-19,0.11620189,0.09660967
2013-07-20,0.09271524,0.096009605
2013-07-21,0.09694629,0.09870988
2013-07-22,0.07620775,0.06750675
2013-07-23,0.09749817,0.060906094
2013-07-24,0.11515821,0.087308735
2013-07-25,0.11239883,0.065406546
2013-07-26,0.1035688,0.068106815
2013-07-27,0.1370493,0.07710771
2013-07-28,0.12018141,0.06990699
2013-07-29,0.13760118,0.07620762
2013-07-30,0.15544519,0.07380738
2013-07-31,0.14900662,0.069006905
2013-08-01,0.13428994,0.068106815
2013-08-02,0.13502575,0.09120912
2013-08-03,0.14054452,0.10951095
2013-08-04,0.109823406,0.08040804
2013-08-05,0.07763062,0.06390639
2013-08-06,0.0584989,0.04590459
2013-08-07,0.05518764,0.03390339
2013-08-08,0.054819725,0.03480348
2013-08-09,0.050220754,0.03360336
2013-08-10,0.046541575,0.02580258
2013-08-11,0.058682855,0.030603062
2013-08-12,0.12490802,0.08490849
2013-08-13,0.16961001,0.12931293
2013-08-14,0.17273732,0.16021602
2013-08-15,0.1968359,0.15901591
2013-08-16,0.18598235,0.15001501
2013-08-17,0.16537897,0.12451245
2013-08-18,0.22663724,0.12871288
2013-08-19,0.27906552,0.13861386
2013-08-20,0.20566595,0.12391239
2013-08-21,0.22829288,0.12601261
2013-08-22,0.13778515,0.095109515
2013-08-23,0.15544519,0.08940894
2013-08-24,0.1326343,0.058805883
2013-08-25,0.106144235,0.02850285
2013-08-26,0.11111111,0.03660366
2013-08-27,0.14919059,0.05010501
2013-08-28,0.1370493,0.081908196
2013-08-29,0.12748346,0.103810385
2013-08-30,0.108167775,0.1050105
2013-08-31,0.11902134,0.117611766
2013-09-01,0.11381418,0.105610564
2013-09-02,0.10963945,0.10171017
2013-09-03,0.11736571,0.09630963
2013-09-04,0.119389266,0.081908196
2013-09-05,0.09860192,0.048304833
2013-09-06,0.07671082,0.02820282
2013-09-07,0.0835173,0.01650165
2013-09-08,0.026674027,0.00870087
2013-09-09,0.0069904346,0.00570057
2013-09-10,0.00459897,0.0033003301
2013-09-11,0.022259016,0.013801381
2013-09-12,0.019683592,0.00750075
2013-09-13,0.031640913,0.013801381
2013-09-14,0.01232524,0.0066006603
2013-09-15,0.011773364,0.01050105
2013-09-16,0.009933775,0.0078007802
2013-09-17,0.017660046,0.01020102
2013-09-18,0.080022074,0.030003
2013-09-19,0.08425313,0.045304533
2013-09-20,0.11883739,0.054905493
2013-09-21,0.12288448,0.0780078
2013-09-22,0.09869202,0.07650765
2013-09-23,0.09455483,0.08970897
2013-09-24,0.087564394,0.0840084
2013-09-25,0.08940398,0.0840084
2013-09-26,0.107247986,0.10261027
2013-09-27,0.109823406,0.07830783
2013-09-28,0.10320089,0.04650465
2013-09-29,0.07211185,0.022502251
2013-09-30,0.07978931,0.01890189
2013-10-01,0.05371597,0.0390039
2013-10-02,0.11589405,0.06630663
2013-10-03,0.095474616,0.05370537
2013-10-04,0.11281931,0.054305434
2013-10-05,0.0857248,0.060006
2013-10-06,0.05573952,0.046204623
2013-10-07,0.07358352,0.05610561
2013-10-08,0.13373806,0.06870687
2013-10-09,0.14863871,0.078607865
2013-10-10,0.21247242,0.12901291
2013-10-11,0.2580942,0.20252027
2013-10-12,0.25551876,0.2409241
2013-10-13,0.27465048,0.24032404
2013-10-14,0.24190581,0.20012
2013-10-15,0.25993377,0.18241824
2013-10-16,0.2608536,0.15001501
2013-10-17,0.26857987,0.10711072
2013-10-18,0.36000738,0.1110111
2013-10-19,0.281273,0.10321032
2013-10-20,0.19957279,0.114311434
2013-10-21,0.24429728,0.17461747
2013-10-22,0.3206402,0.3039304
2013-10-23,0.38741723,0.42844287
2013-10-24,0.42825606,0.4548455
2013-10-25,0.4536424,0.4062406
2013-10-26,0.49319354,0.3777378
2013-10-27,0.5544518,0.3048305
2013-10-28,0.6642752,0.3219322
2013-10-29,0.67954385,0.30213022
2013-10-30,0.41243562,0.31023103
2013-10-31,0.3107064,0.2790279
2013-11-01,0.2612215,0.25142515
2013-11-02,0.26232526,0.18031804
2013-11-03,0.4370861,0.19411941
2013-11-04,0.35485652,0.19651966
2013-11-05,0.39128035,0.26822683
2013-11-06,0.37490803,0.29312932
2013-11-07,0.3206402,0.29852986
2013-11-08,0.41605848,0.33873388
2013-11-09,0.28200883,0.25622562
2013-11-10,0.32211185,0.21332133
2013-11-11,0.4473878,0.2241224
2013-11-12,0.62306845,0.23972397
2013-11-13,0.46725535,0.2259226
2013-11-14,0.44407654,0.2880288
2013-11-15,0.4442605,0.37713772
2013-11-16,0.4273363,0.39213926
2013-11-17,0.49944812,0.39693972
2013-11-18,0.40139812,0.3030303
2013-11-19,0.37619573,0.25292528
2013-11-20,0.3335173,0.21242124
2013-11-21,0.22424577,0.18061806
2013-11-22,0.2402502,0.15391539
2013-11-23,0.21357617,0.1119112
2013-11-24,0.24190581,0.081308134
2013-11-25,0.12969096,0.04950495
2013-11-26,0.04267844,0.03240324
2013-11-27,0.09948792,0.045004502
2013-11-28,0.22222222,0.12331233
2013-11-29,0.25055188,0.15181518
2013-11-30,0.19941133,0.15721573
2013-12-01,0.20603386,0.1809181
2013-12-02,0.2578727,0.1959196
2013-12-03,0.18325676,0.12931293
2013-12-04,0.21339221,0.13051306
2013-12-05,0.19885947,0.11581159
2013-12-06,0.15930831,0.13351336
2013-12-07,0.1946284,0.13621363
2013-12-08,0.19996321,0.11641165
2013-12-09,0.30316412,0.13291329
2013-12-10,0.4679912,0.22652264
2013-12-11,0.40875646,0.24362437
2013-12-12,0.4008462,0.26552656
2013-12-13,0.317145,0.27362737
2013-12-14,0.31493747,0.28472847
2013-12-15,0.28292865,0.28232822
2013-12-16,0.32273883,0.28862885
2013-12-17,0.27980134,0.22052206
2013-12-18,0.26306108,0.20612061
2013-12-19,0.33057398,0.2088209
2013-12-20,0.35283297,0.24272427
2013-12-21,0.35007358,0.21152116
2013-12-22,0.31677708,0.20732073
2013-12-23,0.26986757,0.16141614
2013-12-24,0.24705668,0.15541555
2013-12-25,0.12674761,0.11671167
2013-12-26,0.13024284,0.11581159
2013-12-27,0.18653421,0.13951395
2013-12-28,0.18119942,0.13801381
2013-12-29,0.24356146,0.18301831
2013-12-30,0.21964681,0.15211521
2013-12-31,0.2540471,0.159916
2014-01-01,0.28440028,0.10531054
2014-01-02,0.36681384,0.10051005
2014-01-03,0.64679915,0.20822082
2014-01-04,0.59179544,0.3321332
2014-01-05,0.575791,0.45244527
2014-01-06,0.5077263,0.4419442
2014-01-07,0.57855046,0.63126314
2014-01-08,0.5456218,0.59375936
2014-01-09,0.49558502,0.51665163
2014-01-10,0.53219277,0.47314733
2014-01-11,0.53145695,0.37743774
2014-01-12,0.49098605,0.27512753
2014-01-13,0.42384106,0.20822082
2014-01-14,0.17052981,0.13411342
2014-01-15,0.17604858,0.11671167
2014-01-16,0.10927153,0.070807084
2014-01-17,0.10522443,0.06030603
2014-01-18,0.21762325,0.068106815
2014-01-19,0.2363833,0.10081008
2014-01-20,0.28433648,0.12841284
2014-01-21,0.25515085,0.16321632
2014-01-22,0.26913172,0.21572158
2014-01-23,0.24098603,0.2088209
2014-01-24,0.20676969,0.17611761
2014-01-25,0.16813834,0.16411641
2014-01-26,0.11221486,0.105610564
2014-01-27,0.15103018,0.08670867
2014-01-28,0.47792497,0.10861087
2014-01-29,0.4045254,0.14671467
2014-01-30,0.48629695,0.19381937
2014-01-31,0.34216338,0.2559256
2014-02-01,0.39146432,0.3957396
2014-02-02,0.5009198,0.56345636
2014-02-03,0.5529801,0.6624662
2014-02-04,0.477741,0.53435344
2014-02-05,0.5719279,0.49954996
2014-02-06,0.59657836,0.40924093
2014-02-07,0.5568433,0.30693072
2014-02-08,0.59437084,0.22022203
2014-02-09,0.5286976,0.17671767
2014-02-10,0.39624724,0.1968197
2014-02-11,0.35393673,0.22952296
2014-02-12,0.35191318,0.29432943
2014-02-13,0.38116264,0.35853586
2014-02-14,0.43616632,0.4257426
2014-02-15,0.4214496,0.39843985
2014-02-16,0.35044152,0.2730273
2014-02-17,0.36718175,0.18061806
2014-02-18,0.5165563,0.18661866
2014-02-19,0.33462107,0.1890189
2014-02-20,0.26287714,0.1821182
2014-02-21,0.27465048,0.2547255
2014-02-22,0.33057398,0.2811281
2014-02-23,0.3416115,0.32253227
2014-02-24,0.32615897,0.30993098
2014-02-25,0.32247975,0.23012303
2014-02-26,0.38815308,0.25862586
2014-02-27,0.3228477,0.1911191
2014-02-28,0.34952173,0.23372337
2014-03-01,0.27023548,0.22172217
2014-03-02,0.27961737,0.2469247
2014-03-03,0.27630612,0.25322533
2014-03-04,0.19701986,0.170117
2014-03-05,0.22792494,0.1530153
2014-03-06,0.14403975,0.10261027
2014-03-07,0.13944077,0.090009004
2014-03-08,0.11846947,0.065406546
2014-03-09,0.12086093,0.06510651
2014-03-10,0.1482708,0.1059106
2014-03-11,0.22718912,0.16111611
2014-03-12,0.33186167,0.20642065
2014-03-13,0.25257543,0.17671767
2014-03-14,0.21320824,0.13681369
2014-03-15,0.33370125,0.16141614
2014-03-16,0.2446652,0.12751275
2014-03-17,0.16574688,0.13291329
2014-03-18,0.14459163,0.09480948
2014-03-19,0.19812362,0.13291329
2014-03-20,0.30184636,0.16981699
2014-03-21,0.24558501,0.16261627
2014-03-22,0.28771156,0.18841884
2014-03-23,0.30573952,0.18871887
2014-03-24,0.23914644,0.19141914
2014-03-25,0.20161884,0.19201921
2014-03-26,0.15470935,0.14731474
2014-03-27,0.11644593,0.11311132
2014-03-28,0.12987491,0.09450945
2014-03-29,0.14128037,0.08880888
2014-03-30,0.13870493,0.07440744
2014-03-31,0.23565122,0.091509156
2014-04-01,0.22626933,0.14461446
2014-04-02,0.2674761,0.21572158
2014-04-03,0.30776307,0.2718272
2014-04-04,0.29525387,0.27542755
2014-04-05,0.21983077,0.2019202
2014-04-06,0.1942605,0.1758176
2014-04-07,0.13557763,0.11821182
2014-04-08,0.18745402,0.09690969
2014-04-09,0.1392568,0.058805883
2014-04-10,0.13337013,0.062406242
2014-04-11,0.14440766,0.06750675
2014-04-12,0.2080574,0.095109515
2014-04-13,0.17108169,0.120312035
2014-04-14,0.21155262,0.18541855
2014-04-15,0.34308314,0.3468347
2014-04-16,0.38153055,0.40114012
2014-04-17,0.44223693,0.39303932
2014-04-18,0.4946652,0.4236424
2014-04-19,0.4424209,0.29852986
2014-04-20,0.34805006,0.21362136
2014-04-21,0.3099706,0.15631562
2014-04-22,0.32273883,0.12241225
2014-04-23,0.2686174,0.1110111
2014-04-24,0.10853569,0.07890789
2014-04-25,0.119389266,0.06720672
2014-04-26,0.07247977,0.04020402
2014-04-27,0.17071377,0.052805282
2014-04-28,0.17678441,0.05640564
2014-04-29,0.22442973,0.117911786
2014-04-30,0.19922738,0.13651365
2014-05-01,0.21339221,0.18691869
2014-05-02,0.2514717,0.2559256
2014-05-03,0.31309786,0.30093008
2014-05-04,0.2906549,0.2289229
2014-05-05,0.30389994,0.1569157
2014-05-06,0.4218175,0.16051605
2014-05-07,0.42202777,0.14041404
2014-05-08,0.39256808,0.20672067
2014-05-09,0.3982708,0.25892588
2014-05-10,0.30739516,0.28232822
2014-05-11,0.29396617,0.29042906
2014-05-12,0.35264903,0.33843386
2014-05-13,0.35497293,0.27842784
2014-05-14,0.30169243,0.2559256
2014-05-15,0.30077264,0.23252326
2014-05-16,0.24926418,0.17311731
2014-05-17,0.24135394,0.13171318
2014-05-18,0.16317146,0.101110116
2014-05-19,0.08995585,0.054305434
2014-05-20,0.08406917,0.03660366
2014-05-21,0.13729334,0.048304833
2014-05-22,0.08406917,0.03840384
2014-05-23,0.087012514,0.051005103
2014-05-24,0.115526125,0.07350735
2014-05-25,0.14587933,0.081908196
2014-05-26,0.15912436,0.065406546
2014-05-27,0.067880794,0.040504053
2014-05-28,0.042494483,0.03960396
2014-05-29,0.03495217,0.031503152
2014-05-30,0.046909492,0.03960396
2014-05-31,0.033296544,0.0150015
2014-06-01,0.07358352,0.024602462
2014-06-02,0.08186167,0.04470447
2014-06-03,0.07689478,0.05250525
2014-06-04,0.074319355,0.06330633
2014-06-05,0.08609272,0.07740775
2014-06-06,0.15305372,0.1371137
2014-06-07,0.26508465,0.26342636
2014-06-08,0.26453274,0.27842784
2014-06-09,0.37159678,0.38493848
2014-06-10,0.5257543,0.42604262
2014-06-11,0.55132455,0.38253826
2014-06-12,0.6030169,0.31803182
2014-06-13,0.6767844,0.27932793
2014-06-14,0.49503312,0.16171618
2014-06-15,0.19849156,0.12511252
2014-06-16,0.20787345,0.13801381
2014-06-17,0.21284033,0.13741374
2014-06-18,0.21688743,0.12541254
2014-06-19,0.15434143,0.08250825
2014-06-20,0.10264902,0.07140715
2014-06-21,0.10209714,0.06420642
2014-06-22,0.118285514,0.048004802
2014-06-23,0.11239883,0.03030303
2014-06-24,0.049484916,0.02580258
2014-06-25,0.06916851,0.051305134
2014-06-26,0.07395144,0.05550555
2014-06-27,0.09878588,0.0570057
2014-06-28,0.053164095,0.04680468
2014-06-29,0.16445917,0.048904892
2014-06-30,0.29083887,0.1110111
2014-07-01,0.2906549,0.14461446
2014-07-02,0.41685063,0.24812481
2014-07-03,0.50883,0.36753675
2014-07-04,0.55206037,0.40024
2014-07-05,0.540287,0.4641464
2014-07-06,0.56769687,0.55625564
2014-07-07,0.6054084,0.61176115
2014-07-08,0.6957322,0.6390639
2014-07-09,0.5754231,0.51245123
2014-07-10,0.5910596,0.46144614
2014-07-11,0.52777785,0.32403243
2014-07-12,0.41409126,0.19321933
2014-07-13,0.39735103,0.12541254
2014-07-14,0.37122887,0.08580858
2014-07-15,0.0069904346,0.00570057
2014-07-16,0.001839588,0.0009000901
2014-07-17,0.005173372,0.0009000901
2014-07-18,0.0069904346,0.0069006905
2014-07-19,0.017476086,0.015301531
2014-07-20,0.021707138,0.01980198
2014-07-21,0.029846378,0.013201321
2014-07-22,0.07155997,0.02280228
2014-07-23,0.0951067,0.02850285
2014-07-24,0.12674761,0.05910591
2014-07-25,0.07689478,0.057905793
2014-07-26,0.082229584,0.069006905
2014-07-27,0.11644593,0.10681068
2014-07-28,0.2371229,0.1491149
2014-07-29,0.34105963,0.15361536
2014-07-30,0.30794704,0.16141614
2014-07-31,0.28072113,0.18241824
2014-08-01,0.3200883,0.2019202
2014-08-02,0.3428992,0.18841884
2014-08-03,0.290287,0.21152116
2014-08-04,0.19481236,0.16111611
2014-08-05,0.16243562,0.1440144
2014-08-06,0.1817513,0.1680168
2014-08-07,0.24116999,0.16111611
2014-08-08,0.17494482,0.12421242
2014-08-09,0.14293599,0.10831083
2014-08-10,0.119941145,0.09210921
2014-08-11,0.10908757,0.06780678
2014-08-12,0.11883739,0.07590759
2014-08-13,0.13428994,0.091509156
2014-08-14,0.117549665,0.08010801
2014-08-15,0.1589404,0.105610564
2014-08-16,0.26949963,0.16651666
2014-08-17,0.24116999,0.13351336
2014-08-18,0.28384843,0.13621363
2014-08-19,0.21136867,0.111611165
2014-08-20,0.14146432,0.11341134
2014-08-21,0.16151583,0.1428143
2014-08-22,0.25110376,0.15721573
2014-08-23,0.25938192,0.14941494
2014-08-24,0.28587198,0.1740174
2014-08-25,0.27446654,0.18631864
2014-08-26,0.28292865,0.22472247
2014-08-27,0.21100076,0.15511551
2014-08-28,0.19094923,0.13981397
2014-08-29,0.15415747,0.13321333
2014-08-30,0.20750551,0.16831683
2014-08-31,0.22479767,0.17071708
2014-09-01,0.26913172,0.17821783
2014-09-02,0.23381163,0.14071408
2014-09-03,0.20014717,0.14611462
2014-09-04,0.2981972,0.14581458
2014-09-05,0.52133924,0.14941494
2014-09-06,0.35559237,0.14581458
2014-09-07,0.299117,0.16321632
2014-09-08,0.35356882,0.23252326
2014-09-09,0.39845476,0.38073808
2014-09-10,0.3509934,0.3687369
2014-09-11,0.2849522,0.289829
2014-09-12,0.22038265,0.21452147
2014-09-13,0.2571744,0.17521752
2014-09-14,0.18377484,0.12721272
2014-09-15,0.16887417,0.09720972
2014-09-16,0.13189845,0.06510651
2014-09-17,0.15930831,0.05970597
2014-09-18,0.100681774,0.03390339
2014-09-19,0.12693158,0.04260426
2014-09-20,0.15102266,0.05730573
2014-09-21,0.19904342,0.07620762
2014-09-22,0.22755703,0.120312035
2014-09-23,0.28605595,0.18871887
2014-09-24,0.26195735,0.23732373
2014-09-25,0.29139072,0.2982298
2014-09-26,0.37582782,0.35343534
2014-09-27,0.39403972,0.38133815
2014-09-28,0.42476088,0.31563157
2014-09-29,0.55713236,0.3138314
2014-09-30,0.43874174,0.22832283
2014-10-01,0.35614425,0.1689169
2014-10-02,0.30206037,0.13531353
2014-10-03,0.12270051,0.09120912
2014-10-04,0.11129508,0.09090909
2014-10-05,0.08296542,0.072607264
2014-10-06,0.11184695,0.08310831
2014-10-07,0.10025754,0.05340534
2014-10-08,0.15765269,0.038703874
2014-10-09,0.20143488,0.079507954
2014-10-10,0.10485651,0.05010501
2014-10-11,0.10228109,0.04680468
2014-10-12,0.103384845,0.05160516
2014-10-13,0.11662988,0.06420642
2014-10-14,0.13189845,0.08070807
2014-10-15,0.12564386,0.09360936
2014-10-16,0.11166299,0.09030903
2014-10-17,0.19922738,0.09840985
2014-10-18,0.52133924,0.19171917
2014-10-19,0.540103,0.32223222
2014-10-20,0.7658205,0.5466547
2014-10-21,0.88502574,0.7839784
2014-10-22,0.9580574,0.9705971
2014-10-23,0.95584995,1.0
2014-10-24,1.0,0.9870987
2014-10-25,0.9737878,0.88988906
2014-10-26,0.81696105,0.64866483
2014-10-27,0.723142,0.4560456
2014-10-28,0.8123621,0.28322834
2014-10-29,0.6898455,0.1650165
2014-10-30,0.3090508,0.057605766
2014-10-31,0.076008774,0.035403542
2014-11-01,0.06438558,0.048904892
2014-11-02,0.12833942,0.10321032
2014-11-03,0.12821928,0.123012304
2014-11-04,0.11350258,0.07890789
2014-11-05,0.28072113,0.12421242
2014-11-06,0.21302429,0.12061206
2014-11-07,0.16666667,0.10411041
2014-11-08,0.17310522,0.11941194
2014-11-09,0.18653421,0.13291329
2014-11-10,0.16390729,0.13531353
2014-11-11,0.17715232,0.14221422
2014-11-12,0.13833702,0.11581159
2014-11-13,0.25220752,0.14251426
2014-11-14,0.49080205,0.17461747
2014-11-15,0.38612953,0.17671767
2014-11-16,0.37159678,0.25172517
2014-11-17,0.3419794,0.31053105
2014-11-18,0.28734365,0.3072307
2014-11-19,0.276858,0.30993098
2014-11-20,0.43616632,0.30783078
2014-11-21,0.3907285,0.2631263
2014-11-22,0.3853937,0.27602762
2014-11-23,0.50515085,0.29732975
2014-11-24,0.58572483,0.28142816
2014-11-25,0.42844003,0.20822082
2014-11-26,0.38410598,0.1860186
2014-11-27,0.35835174,0.2409241
2014-11-28,0.4201619,0.29882988
2014-11-29,0.3942237,0.30633065
2014-11-30,0.4514762,0.29762977
2014-12-01,0.40710083,0.3357336
2014-12-02,0.37932304,0.28232822
2014-12-03,0.325975,0.28382838
2014-12-04,0.29231054,0.22442244
2014-12-05,0.21688743,0.13351336
2014-12-06,0.23031642,0.11461146
2014-12-07,0.21854305,0.08670867
2014-12-08,0.28164092,0.07590759
2014-12-09,0.13686535,0.09120912
2014-12-10,0.20161884,0.14311431
2014-12-11,0.25423107,0.16651666
2014-12-12,0.25220752,0.1548155
2014-12-13,0.3450241,0.19171917
2014-12-14,0.32891834,0.20372038
2014-12-15,0.36994115,0.27812782
2014-12-16,0.5211553,0.43564358
2014-12-17,0.62104493,0.6012601
2014-12-18,0.6328183,0.6957696
2014-12-19,0.6611967,0.5991599
2014-12-20,0.47185433,0.41314134
2014-12-21,0.5029434,0.35553557
2014-12-22,0.49540102,0.2958296
2014-12-23,0.4161148,0.17221722
2014-12-24,0.22203827,0.06780678
2014-12-25,0.18119942,0.09420942
2014-12-26,0.13520971,0.105610564
2014-12-27,0.12987491,0.092409246
2014-12-28,0.21596764,0.111611165
2014-12-29,0.19830757,0.10351035
2014-12-30,0.20842531,0.13801381
2014-12-31,0.24006625,0.16231623
2015-01-01,0.29249448,0.21482147
2015-01-02,0.37840325,0.32253227
2015-01-03,0.36718175,0.36033604
2015-01-04,0.36203092,0.36213621
2015-01-05,0.263429,0.2538254
2015-01-06,0.28115287,0.16951695
2015-01-07,0.13392201,0.11071107
2015-01-08,0.25110376,0.15001501
2015-01-09,0.27078736,0.1908191
2015-01-10,0.32492754,0.18241824
2015-01-11,0.27796176,0.2031203
2015-01-12,0.3501975,0.19741976
2015-01-13,0.299117,0.16681668
2015-01-14,0.25699046,0.11641165
2015-01-15,0.08130979,0.0720072
2015-01-16,0.093120694,0.061806183
2015-01-17,0.041390732,0.03180318
2015-01-18,0.03863135,0.02820282
2015-01-19,0.09308315,0.07920792
2015-01-20,0.092899196,0.07830783
2015-01-21,0.051876377,0.052805282
2015-01-22,0.11350258,0.04080408
2015-01-23,0.21762325,0.06330633
2015-01-24,0.19536425,0.08580858
2015-01-25,0.17089772,0.10081008
2015-01-26,0.17016189,0.14461446
2015-01-27,0.2571744,0.2619262
2015-01-28,0.31953645,0.29552954
2015-01-29,0.4834437,0.3231323
2015-01-30,0.44904342,0.31743175
2015-01-31,0.38171452,0.2538254
2015-02-01,0.254415,0.1680168
2015-02-02,0.1670346,0.13381338
2015-02-03,0.21155262,0.15391539
2015-02-04,0.20603386,0.16471648
2015-02-05,0.16721855,0.1530153
2015-02-06,0.12454011,0.112511255
2015-02-07,0.10209714,0.09180918
2015-02-08,0.21350108,0.13681369
2015-02-09,0.18653421,0.13231324
2015-02-10,0.16188376,0.099309936
2015-02-11,0.1285872,0.07620762
2015-02-12,0.10154526,0.06780678
2015-02-13,0.14067592,0.0780078
2015-02-14,0.06751288,0.06570657
2015-02-15,0.060890365,0.06030603
2015-02-16,0.055555556,0.048904892
2015-02-17,0.058866818,0.03810381
2015-02-18,0.05573952,0.023102311
2015-02-19,0.094370864,0.031503152
2015-02-20,0.052244302,0.025502551
2015-02-21,0.036607802,0.0156015605
2015-02-22,0.015820457,0.01140114
2015-02-23,0.025938189,0.01890189
2015-02-24,0.02446652,0.01980198
2015-02-25,0.01526858,0.01350135
2015-02-26,0.010301693,0.0078007802
2015-02-27,0.025570273,0.02130213
2015-02-28,0.0544518,0.04950495
2015-03-01,0.057947025,0.03690369
2015-03-02,0.07579103,0.05310531
2015-03-03,0.08020604,0.05010501
2015-03-04,0.061626196,0.030003
2015-03-05,0.04635762,0.01860186
2015-03-06,0.02133922,0.01170117
2015-03-07,0.096026495,0.013801381
2015-03-08,0.09878588,0.03390339
2015-03-09,0.09786608,0.058805883
2015-03-10,0.09676232,0.079507954
2015-03-11,0.12840323,0.13051306
2015-03-12,0.1611479,0.1740174
2015-03-13,0.1388889,0.15661566
2015-03-14,0.119757175,0.13291329
2015-03-15,0.11460633,0.112511255
2015-03-16,0.12575273,0.07980798
2015-03-17,0.13550255,0.05370537
2015-03-18,0.12987491,0.04380438
2015-03-19,0.10467256,0.027302733
2015-03-20,0.041942608,0.02070207
2015-03-21,0.0947125,0.035403542
2015-03-22,0.117733635,0.05670567
2015-03-23,0.14863871,0.08370837
2015-03-24,0.18414275,0.10531054
2015-03-25,0.1799117,0.12601261
2015-03-26,0.15231788,0.13681369
2015-03-27,0.15194997,0.1440144
2015-03-28,0.1714496,0.1440144
2015-03-29,0.16611479,0.14971498
2015-03-30,0.11111111,0.089108914
2015-03-31,0.11350258,0.060906094
2015-04-01,0.10853569,0.031203121
2015-04-02,0.113870494,0.02010201
2015-04-03,0.032376748,0.01590159
2015-04-04,0.05829992,0.01740174
2015-04-05,0.07763062,0.04260426
2015-04-06,0.06512142,0.05610561
2015-04-07,0.0584989,0.06210621
2015-04-08,0.065305375,0.07320732
2015-04-09,0.045621783,0.048004802
2015-04-10,0.033480503,0.03180318
2015-04-11,0.14385578,0.02970297
2015-04-12,0.2562546,0.07020702
2015-04-13,0.3760118,0.12871288
2015-04-14,0.379507,0.13411342
2015-04-15,0.33701253,0.18241824
2015-04-16,0.312546,0.23852384
2015-04-17,0.30463576,0.2328233
2015-04-18,0.28348053,0.23642364
2015-04-19,0.24392937,0.22352237
2015-04-20,0.20033112,0.17941794
2015-04-21,0.2580942,0.18061806
2015-04-22,0.20934512,0.16621663
2015-04-23,0.20916116,0.13141315
2015-04-24,0.21357617,0.11341134
2015-04-25,0.18874173,0.12151215
2015-04-26,0.17696837,0.08040804
2015-04-27,0.11129508,0.04680468
2015-04-28,0.08830022,0.01920192
2015-04-29,0.010853569,0.00210021
2015-04-30,0.0020235467,0.0018001802
2015-05-01,0.028697575,0.00540054
2015-05-02,0.06659309,0.02130213
2015-05-03,0.06677704,0.03660366
2015-05-04,0.156395,0.12181219
2015-05-05,0.20879325,0.16411641
2015-05-06,0.39201617,0.17971797
2015-05-07,0.42384106,0.21722174
2015-05-08,0.37490803,0.23822384
2015-05-09,0.3911865,0.26852685
2015-05-10,0.31769684,0.29312932
2015-05-11,0.32156,0.3141314
2015-05-12,0.3235835,0.30123013
2015-05-13,0.34234732,0.28952897
2015-05-14,0.31318796,0.18871887
2015-05-15,0.22939664,0.16621663
2015-05-16,0.19186904,0.1170117
2015-05-17,0.17218544,0.07740775
2015-05-18,0.1147903,0.05550555
2015-05-19,0.08204562,0.04650465
2015-05-20,0.05132451,0.026402641
2015-05-21,0.025202354,0.02220222
2015-05-22,0.03513613,0.029402941
2015-05-23,0.043782197,0.039303932
2015-05-24,0.0794702,0.05610561
2015-05-25,0.06898455,0.040504053
2015-05-26,0.02906549,0.013201321
2015-05-27,0.008462105,0.0030003001
2015-05-28,0.01692421,0.0030003001
2015-05-29,0.027777778,0.01110111
2015-05-30,0.015820457,0.00930093
2015-05-31,0.030353202,0.013801381
2015-06-01,0.03053716,0.02040204
2015-06-02,0.04470199,0.03210321
2015-06-03,0.04396615,0.0330033
2015-06-04,0.101729214,0.04680468
2015-06-05,0.16225167,0.0780078
2015-06-06,0.1598602,0.089108914
2015-06-07,0.17200148,0.11521153
2015-06-08,0.14845476,0.117911786
2015-06-09,0.12950699,0.12721272
2015-06-10,0.08830022,0.0840084
2015-06-11,0.078550406,0.06930693
2015-06-12,0.21725534,0.1149115
2015-06-13,0.1968359,0.08310831
2015-06-14,0.15783666,0.075007506
2015-06-15,0.11571008,0.09360936
2015-06-16,0.2317881,0.12241225
2015-06-17,0.31824872,0.1530153
2015-06-18,0.31861663,0.21362136
2015-06-19,0.37748346,0.29432943
2015-06-20,0.38833705,0.37683767
2015-06-21,0.38005888,0.3819382
2015-06-22,0.35596028,0.33273327
2015-06-23,0.34179544,0.30123013
2015-06-24,0.23693894,0.23972397
2015-06-25,0.1848786,0.1428143
2015-06-26,0.18524651,0.10021002
2015-06-27,0.13852097,0.03210321
2015-06-28,0.08517292,0.01050105
2015-06-29,0.037159678,0.00930093
2015-06-30,0.11037528,0.03990399
2015-07-01,0.104488604,0.05910591
2015-07-02,0.14183223,0.08760876
2015-07-03,0.13760118,0.0930093
2015-07-04,0.17032333,0.117611766
2015-07-05,0.12711553,0.106510654
2015-07-06,0.18745402,0.1548155
2015-07-07,0.18818985,0.17761776
2015-07-08,0.2540471,0.21062107
2015-07-09,0.23896249,0.1890189
2015-07-10,0.21541575,0.18121813
2015-07-11,0.2071376,0.16201621
2015-07-12,0.1799117,0.13291329
2015-07-13,0.15949227,0.090609066
2015-07-14,0.14459163,0.07230723
2015-07-15,0.10154526,0.04980498
2015-07-16,0.075974986,0.050705068
2015-07-17,0.067880794,0.04560456
2015-07-18,0.06714497,0.04560456
2015-07-19,0.0544518,0.03480348
2015-07-20,0.06052245,0.042304233
2015-07-21,0.03274467,0.031503152
2015-07-22,0.023362767,0.01920192
2015-07-23,0.016004415,0.00930093
2015-07-24,0.022626933,0.00510051
2015-07-25,0.03200883,0.01410141
2015-07-26,0.054635763,0.04980498
2015-07-27,0.09161148,0.07530753
2015-07-28,0.08535688,0.06480648
2015-07-29,0.074319355,0.052205224
2015-07-30,0.10412068,0.0420042
2015-07-31,0.09529066,0.045304533
2015-08-01,0.07284768,0.03720372
2015-08-02,0.07891833,0.0420042
2015-08-03,0.054819725,0.04140414
2015-08-04,0.08204562,0.06780678
2015-08-05,0.11405445,0.09090909
2015-08-06,0.21412803,0.19231923
2015-08-07,0.26158944,0.2568257
2015-08-08,0.26030168,0.26162618
2015-08-09,0.24043415,0.23252326
2015-08-10,0.24834438,0.21242124
2015-08-11,0.22700515,0.15331534
2015-08-12,0.18119942,0.07890789
2015-08-13,0.14459163,0.04020402
2015-08-14,0.0544518,0.0360036
2015-08-15,0.026122151,0.023102311
2015-08-16,0.014348787,0.01290129
2015-08-17,0.011405446,0.01170117
2015-08-18,0.030353202,0.014701471
2015-08-19,0.051876377,0.030603062
2015-08-20,0.13631347,0.07650765
2015-08-21,0.14771892,0.114311434
2015-08-22,0.23528332,0.2379238
2015-08-23,0.24944814,0.2709271
2015-08-24,0.26710817,0.29042906
2015-08-25,0.33425313,0.34203422
2015-08-26,0.31530538,0.2619262
2015-08-27,0.30500367,0.1959196
2015-08-28,0.25055188,0.09630963
2015-08-29,0.24595292,0.05670567
2015-08-30,0.05371597,0.00840084
2015-08-31,0.014532745,0.00870087
2015-09-01,0.024098603,0.01140114
2015-09-02,0.021155262,0.01020102
2015-09-03,0.0071743936,0.00510051
2015-09-04,0.015820457,0.00810081
2015-09-05,0.016740251,0.00810081
2015-09-06,0.027961738,0.014701471
2015-09-07,0.032376748,0.0210021
2015-09-08,0.027777778,0.022502251
2015-09-09,0.022075055,0.02160216
2015-09-10,0.022810891,0.02340234
2015-09-11,0.059234735,0.02970297
2015-09-12,0.14367183,0.09540955
2015-09-13,0.20143488,0.09570957
2015-09-14,0.1817513,0.08070807
2015-09-15,0.17641649,0.08580858
2015-09-16,0.19499634,0.106510654
2015-09-17,0.17310522,0.15421543
2015-09-18,0.1495585,0.14371437
2015-09-19,0.165195,0.15121512
2015-09-20,0.15746874,0.10711072
2015-09-21,0.26857987,0.096009605
2015-09-22,0.24300957,0.102010205
2015-09-23,0.17108169,0.10291029
2015-09-24,0.16390729,0.11641165
2015-09-25,0.22332598,0.17221722
2015-09-26,0.23491538,0.24212423
2015-09-27,0.4795806,0.48334834
2015-09-28,0.30003682,0.23342334
2015-09-29,0.3357248,0.25982597
2015-09-30,0.357248,0.22862287
2015-10-01,0.31935248,0.16861688
2015-10-02,0.2102649,0.089108914
2015-10-03,0.18745402,0.06990699
2015-10-04,0.036239885,0.03180318
2015-10-05,0.04047094,0.027302733
2015-10-06,0.032376748,0.01290129
2015-10-07,0.03697572,0.00540054
2015-10-08,0.061682515,0.0036003604
2015-10-09,0.0042310525,0.0018001802
2015-10-10,0.033626918,0.0033003301
2015-10-11,0.015820457,0.0039003901
2015-10-12,0.023730684,0.01170117
2015-10-13,0.09530943,0.0156015605
2015-10-14,0.08866814,0.034503452
2015-10-15,0.08774835,0.03210321
2015-10-16,0.07376748,0.04860486
2015-10-17,0.1392568,0.06960696
2015-10-18,0.16225167,0.099309936
2015-10-19,0.15930831,0.09810981
2015-10-20,0.21091439,0.13921392
2015-10-21,0.14256807,0.12991299
2015-10-22,0.15139809,0.14881489
2015-10-23,0.12362032,0.1119112
2015-10-24,0.08462105,0.07110711
2015-10-25,0.0794702,0.07830783
2015-10-26,0.06714497,0.0570057
2015-10-27,0.06309787,0.04710471
2015-10-28,0.06052245,0.03360336
2015-10-29,0.16427521,0.040504053
2015-10-30,0.16501105,0.052805282
2015-10-31,0.24264166,0.12541254
2015-11-01,0.22203827,0.16741674
2015-11-02,0.2733628,0.24452446
2015-11-03,0.24576896,0.2220222
2015-11-04,0.26508465,0.21272127
2015-11-05,0.19039735,0.13861386
2015-11-06,0.1304268,0.101410136
2015-11-07,0.14790288,0.08280828
2015-11-08,0.16335541,0.08430844
2015-11-09,0.12288448,0.06990699
2015-11-10,0.057027224,0.045004502
2015-11-11,0.014900662,0.014701471
2015-11-12,0.02725969,0.01350135
2015-11-13,0.02023547,0.01410141
2015-11-14,0.0066225166,0.00510051
2015-11-15,0.034223847,0.015301531
2015-11-16,0.007910228,0.0072007207
2015-11-17,0.01545254,0.0150015
2015-11-18,0.017108168,0.01890189
2015-11-19,0.029985286,0.01890189
2015-11-20,0.072663724,0.02850285
2015-11-21,0.07799853,0.04380438
2015-11-22,0.12932304,0.06480648
2015-11-23,0.09584253,0.04650465
2015-11-24,0.087012514,0.04650465
2015-11-25,0.08297293,0.048904892
2015-11-26,0.057763062,0.051905192
2015-11-27,0.046725534,0.04560456
2015-11-28,0.042494483,0.04320432
2015-11-29,0.040838853,0.039303932
2015-11-30,0.03881531,0.03390339
2015-12-01,0.027409863,0.01980198
2015-12-02,0.026857985,0.014401441
2015-12-03,0.018947758,0.00270027
2015-12-04,0.04966888,0.00930093
2015-12-05,0.069536425,0.025502551
2015-12-06,0.04782929,0.029402941
2015-12-07,0.05790197,0.027302733
2015-12-08,0.05003679,0.034503452
2015-12-09,0.06769684,0.052205224
2015-12-10,0.09933776,0.05340534
2015-12-11,0.059602648,0.04260426
2015-12-12,0.07873437,0.0360036
2015-12-13,0.1129507,0.0270027
2015-12-14,0.196468,0.063006304
2015-12-15,0.20161884,0.097809784
2015-12-16,0.20290655,0.14461446
2015-12-17,0.15507728,0.13921392
2015-12-18,0.14017661,0.14521453
2015-12-19,0.12748346,0.14041404
2015-12-20,0.09584253,0.10441045
2015-12-21,0.131921,0.09360936
2015-12-22,0.26269317,0.105610564
2015-12-23,0.33958793,0.13951395
2015-12-24,0.30463576,0.15661566
2015-12-25,0.26857987,0.16201621
2015-12-26,0.19058132,0.1890189
2015-12-27,0.14367183,0.15811582
2015-12-28,0.15082368,0.13861386
2015-12-29,0.075974986,0.075007506
2015-12-30,0.092722744,0.051305134
2015-12-31,0.041206773,0.02040204
2016-01-01,0.05831494,0.01740174
2016-01-02,0.049852833,0.0078007802
2016-01-03,0.05213167,0.02430243
2016-01-04,0.054718357,0.03480348
2016-01-05,0.037407458,0.027902791
2016-01-06,0.022626933,0.02220222
2016-01-07,0.11262033,0.048004802
2016-01-08,0.13410597,0.069006905
2016-01-09,0.16243562,0.101110116
2016-01-10,0.14495954,0.09660967
2016-01-11,0.07358352,0.07680768
2016-01-12,0.08774835,0.095109515
2016-01-13,0.08498897,0.0870087
2016-01-14,0.09172787,0.06840684
2016-01-15,0.07652686,0.04680468
2016-01-16,0.074319355,0.034503452
2016-01-17,0.08498897,0.02160216
2016-01-18,0.068432674,0.013801381
2016-01-19,0.02759382,0.01140114
2016-01-20,0.037159678,0.01980198
2016-01-21,0.07523915,0.05670567
2016-01-22,0.07395144,0.06660666
2016-01-23,0.06665691,0.06030603
2016-01-24,0.06438558,0.07230723
2016-01-25,0.119186535,0.0930093
2016-01-26,0.09473878,0.08100811
2016-01-27,0.12656365,0.10411041
2016-01-28,0.15710081,0.12961297
2016-01-29,0.15579808,0.1140114
2016-01-30,0.10283297,0.07140715
2016-01-31,0.064753495,0.06360636
2016-02-01,0.06916851,0.051305134
2016-02-02,0.07891833,0.04260426
2016-02-03,0.12490802,0.064506456
2016-02-04,0.1410964,0.07440744
2016-02-05,0.15930831,0.12331233
2016-02-06,0.08627668,0.090609066
2016-02-07,0.1504783,0.11071107
2016-02-08,0.19867551,0.09991
2016-02-09,0.12564386,0.09660967
2016-02-10,0.1107432,0.090609066
2016-02-11,0.0794702,0.06630663
2016-02-12,0.072295815,0.068106815
2016-02-13,0.06052245,0.05550555
2016-02-14,0.08296542,0.061206125
2016-02-15,0.121964686,0.05160516
2016-02-16,0.13907285,0.03990399
2016-02-17,0.07027226,0.02130213
2016-02-18,0.02759382,0.023102311
2016-02-19,0.031456955,0.03030303
2016-02-20,0.05739515,0.05850585
2016-02-21,0.07542311,0.0660066
2016-02-22,0.07027226,0.044104412
2016-02-23,0.051692422,0.022502251
2016-02-24,0.048565123,0.01350135
2016-02-25,0.052612215,0.00930093
2016-02-26,0.02152318,0.012001201
2016-02-27,0.02759382,0.027302733
2016-02-28,0.0469583,0.045304533
2016-02-29,0.05665931,0.06060606
2016-03-01,0.07652686,0.039303932
2016-03-02,0.066409126,0.0360036
2016-03-03,0.06972039,0.027602762
2016-03-04,0.07891833,0.0420042
2016-03-05,0.082229584,0.04650465
2016-03-06,0.057106066,0.04020402
2016-03-07,0.047093455,0.03840384
2016-03-08,0.038999263,0.030903092
2016-03-09,0.04451803,0.03390339
2016-03-10,0.089587934,0.034503452
2016-03-11,0.04102281,0.02040204
2016-03-12,0.048351128,0.026102612
2016-03-13,0.055555556,0.038703874
2016-03-14,0.06546305,0.04740474
2016-03-15,0.06705486,0.05040504
2016-03-16,0.09676232,0.04980498
2016-03-17,0.1263797,0.044104412
2016-03-18,0.09492274,0.04170417
2016-03-19,0.08866814,0.051905192
2016-03-20,0.08406917,0.05640564
2016-03-21,0.082229584,0.05670567
2016-03-22,0.06254599,0.06270627
2016-03-23,0.052428257,0.054305434
2016-03-24,0.09565858,0.03660366
2016-03-25,0.121972196,0.048004802
2016-03-26,0.09345107,0.04680468
2016-03-27,0.09690123,0.051005103
2016-03-28,0.07836645,0.051905192
2016-03-29,0.072029255,0.07050705
2016-03-30,0.049117,0.057605766
2016-03-31,0.05077263,0.057905793
2016-04-01,0.051140547,0.052205224
2016-04-02,0.04635762,0.0390039
2016-04-03,0.052796178,0.030003
2016-04-04,0.049852833,0.02010201
2016-04-05,0.04764533,0.01170117
2016-04-06,0.011957322,0.01080108
2016-04-07,0.01361295,0.00960096
2016-04-08,0.23307581,0.01950195
2016-04-09,0.2781457,0.06630663
2016-04-10,0.24576896,0.11521153
2016-04-11,0.23160411,0.16771677
2016-04-12,0.20419428,0.19231923
2016-04-13,0.19591612,0.2088209
2016-04-14,0.19701986,0.22502251
2016-04-15,0.2071376,0.22442244
2016-04-16,0.26921433,0.19561957
2016-04-17,0.2071376,0.15031503
2016-04-18,0.19297278,0.09420942
2016-04-19,0.17512879,0.05040504
2016-04-20,0.037711553,0.0072007207
2016-04-21,0.04930096,0.02010201
2016-04-22,0.037895516,0.01830183
2016-04-23,0.03090508,0.02070207
2016-04-24,0.040286977,0.03690369
2016-04-25,0.060706403,0.04860486
2016-04-26,0.06567329,0.04590459
2016-04-27,0.087012514,0.06630663
2016-04-28,0.09915379,0.06390639
2016-04-29,0.13928309,0.078607865
2016-04-30,0.107247986,0.07320732
2016-05-01,0.11350258,0.08610861
2016-05-02,0.07505519,0.055805583
2016-05-03,0.046541575,0.0360036
2016-05-04,0.09492274,0.027602762
2016-05-05,0.09142752,0.02970297
2016-05-06,0.06916851,0.031503152
2016-05-07,0.06625896,0.042304233
2016-05-08,0.048197206,0.04320432
2016-05-09,0.05003679,0.04950495
2016-05-10,0.07579103,0.06930693
2016-05-11,0.07579103,0.07440744
2016-05-12,0.117549665,0.10921093
2016-05-13,0.11515821,0.088208824
2016-05-14,0.13962473,0.04590459
2016-05-15,0.20971303,0.084608465
2016-05-16,0.23777613,0.10951095
2016-05-17,0.16887417,0.120012
2016-05-18,0.15949227,0.13051306
2016-05-19,0.18683833,0.16171618
2016-05-20,0.18193525,0.18301831
2016-05-21,0.13686535,0.16261627
2016-05-22,0.13557763,0.14821483
2016-05-23,0.13741723,0.123012304
2016-05-24,0.10798382,0.061506152
2016-05-25,0.13502575,0.057605766
2016-05-26,0.17292127,0.0570057
2016-05-27,0.039551143,0.029102912
2016-05-28,0.03697572,0.02010201
2016-05-29,0.03200883,0.01140114
2016-05-30,0.031272996,0.00930093
2016-05-31,0.01986755,0.01410141
2016-06-01,0.03200883,0.012301231
2016-06-02,0.052980132,0.0090009
2016-06-03,0.007959034,0.00210021
2016-06-04,0.007760058,0.00510051
2016-06-05,0.009550841,0.0060006003
2016-06-06,0.0073621063,0.00480048
2016-06-07,0.0069641545,0.00480048
2016-06-08,0.0044150115,0.0039003901
2016-06-09,0.030045353,0.02070207
2016-06-10,0.1474411,0.031203121
2016-06-11,0.13392201,0.03780378
2016-06-12,0.14275202,0.057905793
2016-06-13,0.12306844,0.0840084
2016-06-14,0.11331862,0.08340834
2016-06-15,0.09988963,0.085508555
2016-06-16,0.1004828,0.101110116
2016-06-17,0.10209714,0.08850885
2016-06-18,0.09308315,0.07530753
2016-06-19,0.09234732,0.0720072
2016-06-20,0.082781464,0.049204923
2016-06-21,0.07192789,0.027302733
2016-06-22,0.06052245,0.01020102
2016-06-23,0.00073583523,0.00060006
2016-06-24,0.0021887342,0.0018001802
2016-06-25,0.0021887342,0.00120012
2016-06-26,0.001392831,0.00060006
2016-06-27,0.0021887342,0.0009000901
2016-06-28,0.002785662,0.00120012
2016-06-29,0.0029846376,0.0015001501
2016-06-30,0.0057702996,0.0036003604
2016-07-01,0.005571324,0.0033003301
2016-07-02,0.00055187644,0.00060006
2016-07-03,0.003581565,0.00270027
2016-07-04,0.00073583523,0.00030003
2016-07-05,0.0012877117,0.00030003
2016-07-06,0.000919794,0.00030003
2016-07-07,0.00772627,0.00570057
2016-07-08,0.043414276,0.00990099
2016-07-09,0.072663724,0.017701771
2016-07-10,0.049117,0.02010201
2016-07-11,0.09841795,0.08670867
2016-07-12,0.084805004,0.030903092
2016-07-13,0.079102285,0.04170417
2016-07-14,0.07505519,0.05250525
2016-07-15,0.09308315,0.079507954
2016-07-16,0.14845476,0.15391539
2016-07-17,0.17568065,0.20372038
2016-07-18,0.17623253,0.20522054
2016-07-19,0.18027963,0.19021903
2016-07-20,0.20897721,0.19621962
2016-07-21,0.22922017,0.14521453
2016-07-22,0.19058132,0.08340834
2016-07-23,0.14716704,0.03210321
2016-07-24,0.040838853,0.00420042
2016-07-25,0.0019897586,0.0009000901
2016-07-26,0.0011938551,0.00060006
2016-07-27,0.0019897586,0.0009000901
2016-07-28,0.00073583523,0.0
2016-07-29,0.0069904346,0.00240024
2016-07-30,0.0042310525,0.00210021
2016-07-31,0.0011037529,0.0009000901
2016-08-01,0.0011037529,0.00060006
2016-08-02,0.0025754233,0.0015001501
2016-08-03,0.0031836133,0.00240024
2016-08-04,0.00055187644,0.00060006
2016-08-05,0.018579839,0.0156015605
2016-08-06,0.04047094,0.030003
2016-08-07,0.1107432,0.05730573
2016-08-08,0.13649742,0.058805883
2016-08-09,0.13189845,0.04590459
2016-08-10,0.14716704,0.07380738
2016-08-11,0.11883739,0.08430844
2016-08-12,0.12067697,0.10471047
2016-08-13,0.103936724,0.10861087
2016-08-14,0.09161148,0.10051005
2016-08-15,0.07799853,0.078607865
2016-08-16,0.07358352,0.06480648
2016-08-17,0.048013248,0.032703273
2016-08-18,0.03807947,0.01680168
2016-08-19,0.034768213,0.01050105
2016-08-20,0.036055926,0.00540054
2016-08-21,0.00073583523,0.0009000901
2016-08-22,0.012141281,0.00270027
2016-08-23,0.03991906,0.03810381
2016-08-24,0.03863135,0.03390339
2016-08-25,0.027961738,0.02490249
2016-08-26,0.019131714,0.01620162
2016-08-27,0.041390732,0.04110411
2016-08-28,0.06456954,0.06570657
2016-08-29,0.08186167,0.06720672
2016-08-30,0.05040471,0.03330333
2016-08-31,0.23417956,0.04680468
2016-09-01,0.16206771,0.054605465
2016-09-02,0.18727006,0.0930093
2016-09-03,0.17696837,0.120312035
2016-09-04,0.12932304,0.12751275
2016-09-05,0.113870494,0.13261326
2016-09-06,0.11276674,0.13471347
2016-09-07,0.11092716,0.12331233
2016-09-08,0.12582782,0.13081309
2016-09-09,0.1330022,0.1110111
2016-09-10,0.11534217,0.07680768
2016-09-11,0.096026495,0.05550555
2016-09-12,0.11331862,0.03030303
2016-09-13,0.01545254,0.01170117
2016-09-14,0.008830023,0.00540054
2016-09-15,0.011589405,0.00240024
2016-09-16,0.0047829286,0.0015001501
2016-09-17,0.008094187,0.0036003604
2016-09-18,0.0042310525,0.0030003001
2016-09-19,0.01986755,0.0210021
2016-09-20,0.03495217,0.02190219
2016-09-21,0.088116266,0.03180318
2016-09-22,0.034768213,0.02850285
2016-09-23,0.048013248,0.02670267
2016-09-24,0.036239885,0.029402941
2016-09-25,0.026122151,0.024002401
2016-09-26,0.02317881,0.01920192
2016-09-27,0.051692422,0.03360336
2016-09-28,0.04966888,0.02220222
2016-09-29,0.0584989,0.013201321
2016-09-30,0.0022075057,0.0
2016-10-01,0.0047754203,0.0030003001
2016-10-02,0.0033112583,0.00120012
2016-10-03,0.13281825,0.0156015605
2016-10-04,0.14937454,0.035703573
2016-10-05,0.1210449,0.057605766
2016-10-06,0.17273732,0.092409246
2016-10-07,0.15029433,0.11911192
2016-10-08,0.15011038,0.13351336
2016-10-09,0.121596776,0.11281128
2016-10-10,0.12214864,0.11581159
2016-10-11,0.096026495,0.089108914
2016-10-12,0.09032377,0.07350735
2016-10-13,0.09878588,0.06330633
2016-10-14,0.0835173,0.045004502
2016-10-15,0.09032377,0.0360036
2016-10-16,0.03219279,0.02280228
2016-10-17,0.031089036,0.01740174
2016-10-18,0.027409863,0.01350135
2016-10-19,0.02133922,0.01920192
2016-10-20,0.013245033,0.0090009
2016-10-21,0.010117735,0.00510051
2016-10-22,0.02023547,0.012001201
2016-10-23,0.0042310525,0.00420042
2016-10-24,0.009749816,0.00870087
2016-10-25,0.01066961,0.0072007207
2016-10-26,0.028513612,0.01170117
2016-10-27,0.02317881,0.0066006603
2016-10-28,0.019315675,0.01050105
2016-10-29,0.01526858,0.01050105
2016-10-30,0.0011037529,0.0009000901
2016-10-31,0.0020235467,0.0018001802
2016-11-01,0.0066225166,0.0069006905
2016-11-02,0.002785662,0.00210021
2016-11-03,0.0060706404,0.0036003604
2016-11-04,0.005334805,0.0030003001
2016-11-05,0.007910228,0.00540054
2016-11-06,0.005886682,0.0036003604
2016-11-07,0.001839588,0.0018001802
2016-11-08,0.003979517,0.00210021
2016-11-09,0.0029846376,0.0009000901
2016-11-10,0.01986755,0.00750075
2016-11-11,0.017660046,0.00420042
2016-11-12,0.005334805,0.0015001501
2016-11-13,0.0040470934,0.00270027
2016-11-14,0.010117735,0.01020102
2016-11-15,0.0042310525,0.00420042
2016-11-16,0.01655629,0.0150015
2016-11-17,0.016188374,0.01260126
2016-11-18,0.011589405,0.00750075
2016-11-19,0.005702723,0.0033003301
2016-11-20,0.0020235467,0.0015001501
2016-11-21,0.003581565,0.00270027
2016-11-22,0.003780541,0.00270027
2016-11-23,0.082229584,0.0090009
2016-11-24,0.06107432,0.01710171
2016-11-25,0.05684327,0.02850285
2016-11-26,0.052796178,0.0390039
2016-11-27,0.052428257,0.04950495
2016-11-28,0.06677704,0.06960696
2016-11-29,0.07873437,0.077707775
2016-11-30,0.09657837,0.09480948
2016-12-01,0.07284768,0.06720672
2016-12-02,0.06144224,0.05550555
2016-12-03,0.051508464,0.051305134
2016-12-04,0.06916851,0.072607264
2016-12-05,0.055555556,0.05670567
2016-12-06,0.058682855,0.048004802
2016-12-07,0.04175865,0.02370237
2016-12-08,0.02906549,0.0078007802
2016-12-09,0.029433409,0.00240024
2016-12-10,0.00039795166,0.00030003
2016-12-11,0.0011938551,0.00060006
2016-12-12,0.0042310525,0.00210021
2016-12-13,0.014900662,0.00450045
2016-12-14,0.012693157,0.00240024
2016-12-15,0.0031272995,0.00210021
2016-12-16,0.0021887342,0.00120012
2016-12-17,0.0019897586,0.0015001501
2016-12-18,0.0040470934,0.0036003604
2016-12-19,0.0025754233,0.00270027
2016-12-20,0.0012877117,0.00120012
2016-12-21,0.014900662,0.00990099
2016-12-22,0.0069904346,0.0030003001
2016-12-23,0.0047754203,0.0015001501
2016-12-24,0.002586686,0.0015001501
2016-12-25,0.001392831,0.0009000901
2016-12-26,0.002586686,0.0018001802
2016-12-27,0.016004415,0.0090009
2016-12-28,0.0031272995,0.00120012
2016-12-29,0.009013982,0.00120012
2016-12-30,0.002943341,0.0015001501
2016-12-31,0.0016556291,0.0009000901
2017-01-01,0.0011037529,0.00120012
2017-01-02,0.0029846376,0.0015001501
2017-01-03,0.00036791762,0.00030003
2017-01-04,0.003581565,0.0018001802
2017-01-05,0.0021887342,0.0018001802
2017-01-06,0.0011938551,0.00060006
2017-01-07,0.0023877101,0.0015001501
2017-01-08,0.0009948793,0.00060006
2017-01-09,0.00055187644,0.00030003
2017-01-10,0.00073583523,0.00030003
2017-01-11,0.0017907826,0.00030003
2017-01-12,0.014900662,0.0009000901
2017-01-13,0.08094188,0.00840084
2017-01-14,0.07339956,0.01980198
2017-01-15,0.05573952,0.03030303
2017-01-16,0.04396615,0.032703273
2017-01-17,0.045437824,0.04380438
2017-01-18,0.02906549,0.03030303
2017-01-19,0.025018396,0.0270027
2017-01-20,0.04433407,0.0390039
2017-01-21,0.06346579,0.048304833
2017-01-22,0.093818985,0.08490849
2017-01-23,0.07376748,0.07380738
2017-01-24,0.053164095,0.055205524
2017-01-25,0.07671082,0.05670567
2017-01-26,0.081677705,0.06330633
2017-01-27,0.074319355,0.054305434
2017-01-28,0.06585725,0.042304233
2017-01-29,0.05739515,0.02850285
2017-01-30,0.063649744,0.02490249
2017-01-31,0.020603387,0.01650165
2017-02-01,0.02924945,0.024602462
2017-02-02,0.030353202,0.02160216
2017-02-03,0.016740251,0.0066006603
2017-02-04,0.012877116,0.00210021
2017-02-05,0.0023914643,0.00060006
2017-02-06,0.0014716705,0.00030003
2017-02-07,0.0016556291,0.00060006
2017-02-08,0.0033825894,0.0015001501
2017-02-09,0.014164828,0.012301231
2017-02-10,0.026490066,0.02670267
2017-02-11,0.026674027,0.027602762
2017-02-12,0.026306108,0.02520252
2017-02-13,0.0130610755,0.01050105
2017-02-14,0.009013982,0.00540054
2017-02-15,0.007358352,0.00240024
2017-02-16,0.001839588,0.0009000901
2017-02-17,0.0022075057,0.00120012
2017-02-18,0.0020235467,0.0018001802
2017-02-19,0.005334805,0.0015001501
2017-02-20,0.050956585,0.00630063
2017-02-21,0.045069907,0.01410141
2017-02-22,0.04175865,0.02130213
2017-02-23,0.034768213,0.02490249
2017-02-24,0.030353202,0.0270027
2017-02-25,0.033296544,0.030903092
2017-02-26,0.030353202,0.027902791
2017-02-27,0.03256071,0.029102912
2017-02-28,0.054819725,0.04020402
2017-03-01,0.05684327,0.040504053
2017-03-02,0.04488595,0.02370237
2017-03-03,0.02465048,0.0066006603
2017-03-04,0.030244328,0.00420042
2017-03-05,0.003979517,0.00210021
2017-03-06,0.00055187644,0.00030003
2017-03-07,0.0017907826,0.00060006
2017-03-08,0.0015918066,0.0009000901
2017-03-09,0.0015918066,0.00120012
2017-03-10,0.00059692754,0.00060006
2017-03-11,0.00039795166,0.00030003
2017-03-12,0.0009948793,0.00060006
2017-03-13,0.0009948793,0.00060006
2017-03-14,0.001392831,0.0009000901
2017-03-15,0.0015918066,0.0009000901
2017-03-16,0.0009948793,0.00060006
2017-03-17,0.00059692754,0.00030003
2017-03-18,0.0015918066,0.0009000901
2017-03-19,0.0015918066,0.00060006
2017-03-20,0.0017907826,0.00060006
2017-03-21,0.01692421,0.00120012
2017-03-22,0.010853569,0.00240024
2017-03-23,0.0042310525,0.00210021
2017-03-24,0.0034952173,0.00210021
2017-03-25,0.0022075057,0.0015001501
2017-03-26,0.014716704,0.00960096
2017-03-27,0.06291391,0.052205224
2017-03-28,0.115526125,0.10291029
2017-03-29,0.12490802,0.11941194
2017-03-30,0.1410964,0.14221422
2017-03-31,0.1839588,0.1980198
2017-04-01,0.19352464,0.20252027
2017-04-02,0.26766005,0.23582357
2017-04-03,0.34657836,0.22622263
2017-04-04,0.2652686,0.13441344
2017-04-05,0.1495585,0.08310831
2017-04-06,0.12619574,0.03420342
2017-04-07,0.03072112,0.00510051
2017-04-08,0.002586686,0.0018001802
2017-04-09,0.0057702996,0.0015001501
2017-04-10,0.0071743936,0.0015001501
2017-04-11,0.0086460635,0.0039003901
2017-04-12,0.005886682,0.0036003604
2017-04-13,0.0040470934,0.0033003301
2017-04-14,0.0016556291,0.0018001802
2017-04-15,0.004178493,0.0030003001
2017-04-16,0.003979517,0.00270027
2017-04-17,0.0033825894,0.00120012
2017-04-18,0.05647535,0.00510051
2017-04-19,0.040654894,0.0090009
2017-04-20,0.04451803,0.01920192
2017-04-21,0.04782929,0.03390339
2017-04-22,0.07192789,0.04110411
2017-04-23,0.06512142,0.052205224
2017-04-24,0.06456954,0.057905793
2017-04-25,0.037711553,0.035703573
2017-04-26,0.03863135,0.03690369
2017-04-27,0.035504047,0.030603062
2017-04-28,0.03513613,0.02220222
2017-04-29,0.028513612,0.0150015
2017-04-30,0.023914644,0.0072007207
2017-05-01,0.0049668876,0.0030003001
2017-05-02,0.0086460635,0.0072007207
2017-05-03,0.023546727,0.02520252
2017-05-04,0.018763797,0.01830183
2017-05-05,0.023914644,0.01890189
2017-05-06,0.017292127,0.01260126
2017-05-07,0.010853569,0.00510051
2017-05-08,0.005886682,0.00120012
2017-05-09,0.0029846376,0.0009000901
2017-05-10,0.001392831,0.0009000901
2017-05-11,0.00036791762,0.00030003
2017-05-12,0.00036791762,0.00030003
2017-05-13,0.0007959033,0.00030003
2017-05-14,0.00039795166,0.00030003
2017-05-15,0.0011938551,0.00060006
2017-05-16,0.008462105,0.0018001802
2017-05-17,0.0051508467,0.0018001802
2017-05-18,0.0051508467,0.00270027
2017-05-19,0.0069904346,0.00510051
2017-05-20,0.006438558,0.0060006003
2017-05-21,0.008278145,0.0078007802
2017-05-22,0.010853569,0.01020102
2017-05-23,0.009749816,0.00960096
2017-05-24,0.0049668876,0.00510051
2017-05-25,0.015636498,0.01350135
2017-05-26,0.032376748,0.026402641
2017-05-27,0.03863135,0.023102311
2017-05-28,0.07339956,0.02850285
2017-05-29,0.06990434,0.013801381
2017-05-30,0.002785662,0.0015001501
2017-05-31,0.003581565,0.00270027
2017-06-01,0.022626933,0.00240024
2017-06-02,0.057027224,0.0156015605
2017-06-03,0.060154527,0.030003
2017-06-04,0.04010302,0.030903092
2017-06-05,0.027961738,0.02670267
2017-06-06,0.021155262,0.023102311
2017-06-07,0.0066225166,0.0072007207
2017-06-08,0.0012877117,0.0015001501
2017-06-09,0.006765179,0.00510051
2017-06-10,0.0043774685,0.0033003301
2017-06-11,0.003581565,0.00120012
2017-06-12,0.00055187644,0.00030003
2017-06-13,0.02133922,0.0015001501
2017-06-14,0.025202354,0.0060006003
2017-06-15,0.036607802,0.02490249
2017-06-16,0.055555556,0.052205224
2017-06-17,0.0544518,0.05340534
2017-06-18,0.043598235,0.042304233
2017-06-19,0.035871968,0.03240324
2017-06-20,0.059050772,0.022502251
2017-06-21,0.049484916,0.01950195
2017-06-22,0.029433409,0.013201321
2017-06-23,0.026306108,0.014401441
2017-06-24,0.02446652,0.01830183
2017-06-25,0.026122151,0.02520252
2017-06-26,0.027961738,0.02970297
2017-06-27,0.03403238,0.036303632
2017-06-28,0.01986755,0.01860186
2017-06-29,0.016004415,0.012301231
2017-06-30,0.017108168,0.00990099
2017-07-01,0.01232524,0.00450045
2017-07-02,0.006438558,0.00120012
2017-07-03,0.0029846376,0.0009000901
2017-07-04,0.0009948793,0.0009000901
2017-07-05,0.022882223,0.00060006
2017-07-06,0.05206034,0.0072007207
2017-07-07,0.07928625,0.02580258
2017-07-08,0.1169978,0.064506456
2017-07-09,0.19150111,0.15901591
2017-07-10,0.17071377,0.1770177
2017-07-11,0.16390729,0.1908191
2017-07-12,0.13153054,0.15421543
2017-07-13,0.14256807,0.15661566
2017-07-14,0.113870494,0.101410136
2017-07-15,0.13649742,0.096009605
2017-07-16,0.12582782,0.055205524
2017-07-17,0.15967624,0.02850285
2017-07-18,0.05831494,0.0039003901
2017-07-19,0.0009948793,0.00060006
2017-07-20,0.0007959033,0.00030003
2017-07-21,0.0011938551,0.0009000901
2017-07-22,0.0017907826,0.00120012
2017-07-23,0.0021887342,0.00120012
2017-07-24,0.004178493,0.0033003301
2017-07-25,0.002785662,0.00210021
2017-07-26,0.0029846376,0.0018001802
2017-07-27,0.0021887342,0.00120012
2017-07-28,0.002785662,0.0018001802
2017-07-29,0.0031836133,0.00240024
2017-07-30,0.0016556291,0.00120012
2017-07-31,0.0015918066,0.0009000901
2017-08-01,0.069243595,0.00270027
2017-08-02,0.0544518,0.012301231
2017-08-03,0.04396615,0.01950195
2017-08-04,0.04267844,0.029402941
2017-08-05,0.04175865,0.03720372
2017-08-06,0.035504047,0.03720372
2017-08-07,0.03642384,0.04020402
2017-08-08,0.039183225,0.04290429
2017-08-09,0.041390732,0.04110411
2017-08-10,0.041206773,0.032703273
2017-08-11,0.037343636,0.02160216
2017-08-12,0.03881531,0.013801381
2017-08-13,0.04102281,0.00570057
2017-08-14,0.007358352,0.00030003
2017-08-15,0.059418693,0.013201321
2017-08-16,0.07873437,0.03390339
2017-08-17,0.0857248,0.055205524
2017-08-18,0.10577631,0.09720972
2017-08-19,0.12674761,0.14161417
2017-08-20,0.14716704,0.14011401
2017-08-21,0.21541575,0.1560156
2017-08-22,0.20106697,0.14881489
2017-08-23,0.19793966,0.15241525
2017-08-24,0.14937454,0.116111614
2017-08-25,0.12178073,0.090009004
2017-08-26,0.09786608,0.05910591
2017-08-27,0.06309787,0.045304533
2017-08-28,0.02483444,0.02490249
2017-08-29,0.095474616,0.01680168
2017-08-30,0.19002944,0.04590459
2017-08-31,0.23565122,0.08640864
2017-09-01,0.24668877,0.1449145
2017-09-02,0.22866079,0.19051906
2017-09-03,0.27317882,0.27032703
2017-09-04,0.38999268,0.42124215
2017-09-05,0.3807947,0.41224122
2017-09-06,0.406365,0.4020402
2017-09-07,0.44131717,0.32343236
2017-09-08,0.39403972,0.22622263
2017-09-09,0.3250552,0.10351035
2017-09-10,0.18101546,0.03480348
2017-09-11,0.0772627,0.0210021
2017-09-12,0.027777778,0.0150015
2017-09-13,0.0272259,0.02130213
2017-09-14,0.027961738,0.027602762
2017-09-15,0.03072112,0.03420342
2017-09-16,0.023362767,0.02670267
2017-09-17,0.022810891,0.024602462
2017-09-18,0.021155262,0.01950195
2017-09-19,0.019315675,0.01350135
2017-09-20,0.051140547,0.01050105
2017-09-21,0.053532008,0.01140114
2017-09-22,0.052980132,0.01260126
2017-09-23,0.027961738,0.01740174
2017-09-24,0.09841795,0.02520252
2017-09-25,0.17807212,0.04740474
2017-09-26,0.19094923,0.07920792
2017-09-27,0.16464312,0.09570957
2017-09-28,0.16151583,0.11911192
2017-09-29,0.13980868,0.12541254
2017-09-30,0.12122885,0.12181219
2017-10-01,0.1129507,0.117611766
2017-10-02,0.10798382,0.103810385
2017-10-03,0.1107432,0.10531054
2017-10-04,0.10154526,0.07920792
2017-10-05,0.10007358,0.05370537
2017-10-06,0.09308315,0.030003
2017-10-07,0.06401766,0.01260126
2017-10-08,0.05500368,0.0039003901
2017-10-09,0.0009948793,0.00060006
2017-10-10,0.0009948793,0.00060006
2017-10-11,0.001392831,0.0009000901
2017-10-12,0.001392831,0.0009000901
2017-10-13,0.0009948793,0.0009000901
2017-10-14,0.0017907826,0.00120012
2017-10-15,0.00019897583,0.00030003
2017-10-16,0.001392831,0.0009000901
2017-10-17,0.001392831,0.0009000901
2017-10-18,0.0015918066,0.0009000901
2017-10-19,0.0007959033,0.00030003
2017-10-20,0.001392831,0.0009000901
2017-10-21,0.04838116,0.0033003301
2017-10-22,0.022626933,0.00480048
2017-10-23,0.026122151,0.00870087
2017-10-24,0.024098603,0.01170117
2017-10-25,0.017844003,0.01350135
2017-10-26,0.017476086,0.0150015
2017-10-27,0.020419426,0.02070207
2017-10-28,0.013245033,0.01350135
2017-10-29,0.009565857,0.00960096
2017-10-30,0.003679176,0.0030003001
2017-10-31,0.00073583523,0.00060006
2017-11-01,0.0021887342,0.0009000901
2017-11-02,0.0019897586,0.00060006
2017-11-03,0.00039795166,0.00030003
2017-11-04,0.00019897583,0.00030003
2017-11-05,0.00019897583,0.00030003
2017-11-06,0.0009948793,0.00060006
2017-11-07,0.0023877101,0.00060006
2017-11-08,0.0009948793,0.0009000901
2017-11-09,0.00059692754,0.00060006
2017-11-10,0.0011938551,0.00120012
2017-11-11,0.00039795166,0.00030003
2017-11-12,0.00059692754,0.00030003
2017-11-13,0.002785662,0.0
2017-11-14,0.05206034,0.0072007207
2017-11-15,0.029801324,0.00870087
2017-11-16,0.028513612,0.014401441
2017-11-17,0.02133922,0.014701471
2017-11-18,0.008278145,0.0072007207
2017-11-19,0.0047754203,0.0036003604
2017-11-20,0.0047754203,0.0030003001
2017-11-21,0.006765179,0.00480048
2017-11-22,0.0043774685,0.00240024
2017-11-23,0.004178493,0.00210021
2017-11-24,0.0031836133,0.0018001802
2017-11-25,0.002943341,0.0030003001
2017-11-26,0.035871968,0.039303932
2017-11-27,0.026490066,0.02370237
2017-11-28,0.020419426,0.014701471
2017-11-29,0.007910228,0.0036003604
2017-11-30,0.0066225166,0.0015001501
2017-12-01,0.000919794,0.0
2017-12-02,0.00039795166,0.0
2017-12-03,0.0007959033,0.00060006
2017-12-04,0.00019897583,0.0
2017-12-05,0.00019897583,0.00030003
2017-12-06,0.0022075057,0.00240024
2017-12-07,0.00055187644,0.00060006
2017-12-08,0.00039795166,0.00030003
2017-12-09,0.00059692754,0.00060006
2017-12-10,0.0021887342,0.0009000901
2017-12-11,0.0015918066,0.0009000901
2017-12-12,0.000919794,0.0009000901
2017-12-13,0.00059692754,0.00060006
2017-12-14,0.001392831,0.0009000901
2017-12-15,0.00059692754,0.00060006
2017-12-16,0.0011938551,0.0009000901
2017-12-17,0.0009948793,0.00060006
2017-12-18,0.0009948793,0.00060006
2017-12-19,0.0020235467,0.00030003
2017-12-20,0.0025754233,0.0009000901
2017-12-21,0.017660046,0.01110111
2017-12-22,0.042494483,0.03780378
2017-12-23,0.029617367,0.029102912
2017-12-24,0.034216337,0.035703573
2017-12-25,0.028697575,0.028802883
2017-12-26,0.0069904346,0.00570057
2017-12-27,0.000919794,0.00060006
2017-12-28,0.00059692754,0.00030003
2017-12-29,0.0007959033,0.00030003
2017-12-30,0.0019897586,0.00060006
2017-12-31,0.008462105,0.0090009
2018-01-01,0.0007959033,0.00060006
2018-01-02,0.0011938551,0.0009000901
2018-01-03,0.0009948793,0.00060006
2018-01-04,0.003679176,0.00270027
2018-01-05,0.0016556291,0.0009000901
2018-01-06,0.0022075057,0.0009000901
2018-01-07,0.0019897586,0.0009000901
2018-01-08,0.0019897586,0.00120012
2018-01-09,0.0020235467,0.0015001501
2018-01-10,0.0023914643,0.0018001802
2018-01-11,0.0016556291,0.0009000901
2018-01-12,0.0019897586,0.0009000901
2018-01-13,0.00059692754,0.00030003
2018-01-14,0.0017907826,0.0009000901
2018-01-15,0.0023914643,0.0018001802
2018-01-16,0.008830023,0.00840084
2018-01-17,0.0130610755,0.01410141
2018-01-18,0.001839588,0.00210021
2018-01-19,0.002785662,0.00210021
2018-01-20,0.0019897586,0.0015001501
2018-01-21,0.0009948793,0.00060006
2018-01-22,0.00039795166,0.00030003
2018-01-23,0.00019897583,0.0
2018-01-24,0.0007959033,0.00060006
2018-01-25,0.0,0.0
2018-01-26,0.0007959033,0.00060006
2018-01-27,0.00039795166,0.00030003
2018-01-28,0.00039795166,0.00030003
2018-01-29,0.0,0.0
2018-01-30,0.000919794,0.00030003
2018-01-31,0.00073583523,0.00030003
2018-02-01,0.0007959033,0.00060006
2018-02-02,0.003979517,0.0009000901
2018-02-03,0.0009948793,0.0009000901
2018-02-04,0.02865252,0.00120012
2018-02-05,0.031824872,0.00540054
2018-02-06,0.050220754,0.01830183
2018-02-07,0.05978661,0.03510351
2018-02-08,0.06309787,0.05010501
2018-02-09,0.06125828,0.061806183
2018-02-10,0.06659309,0.07680768
2018-02-11,0.06677704,0.07890789
2018-02-12,0.06751288,0.07380738
2018-02-13,0.05573952,0.05310531
2018-02-14,0.03863135,0.026402641
2018-02-15,0.027961738,0.01350135
2018-02-16,0.014532745,0.0030003001
2018-02-17,0.00019897583,0.0
2018-02-18,0.00039795166,0.00030003
2018-02-19,0.00039795166,0.00030003
2018-02-20,0.00019897583,0.0
2018-02-21,0.00019897583,0.0
2018-02-22,0.00039795166,0.00030003
2018-02-23,0.00019897583,0.0
2018-02-24,0.00039795166,0.00030003
2018-02-25,0.00039795166,0.00030003
2018-02-26,0.0012877117,0.00120012
2018-02-27,0.0011037529,0.00120012
2018-02-28,0.000919794,0.00060006
2018-03-01,0.00055187644,0.00030003
2018-03-02,0.00073583523,0.00030003
2018-03-03,0.00019897583,0.0
2018-03-04,0.00019897583,0.00030003
2018-03-05,0.0,0.0
2018-03-06,0.00019897583,0.0
2018-03-07,0.0007959033,0.00060006
2018-03-08,0.001392831,0.0009000901
2018-03-09,0.0019897586,0.0018001802
2018-03-10,0.001392831,0.00120012
2018-03-11,0.0007959033,0.00060006
2018-03-12,0.0009948793,0.00060006
2018-03-13,0.0011938551,0.00060006
2018-03-14,0.00059692754,0.00030003
2018-03-15,0.00019897583,0.00030003
2018-03-16,0.00039795166,0.00030003
2018-03-17,0.0009948793,0.00060006
2018-03-18,0.001839588,0.0009000901
2018-03-19,0.00073583523,0.00030003
2018-03-20,0.0,0.0
2018-03-21,0.00019897583,0.00030003
2018-03-22,0.0,0.0
2018-03-23,0.00019897583,0.0
2018-03-24,0.00039795166,0.00030003
2018-03-25,0.0009948793,0.00030003
2018-03-26,0.0,0.0
2018-03-27,0.00019897583,0.0
2018-03-28,0.00019897583,0.0
2018-03-29,0.00019897583,0.0
2018-03-30,0.002943341,0.00060006
2018-03-31,0.0022075057,0.0009000901
2018-04-01,0.00036791762,0.0
2018-04-02,0.00019897583,0.0
2018-04-03,0.00019897583,0.0
2018-04-04,0.0,0.0
2018-04-05,0.0007959033,0.00060006
2018-04-06,0.0011938551,0.00060006
2018-04-07,0.00059692754,0.00060006
2018-04-08,0.00019897583,0.0
2018-04-09,0.0,0.0
2018-04-10,0.00036791762,0.00030003
2018-04-11,0.0,0.0
2018-04-12,0.0023877101,0.0009000901
2018-04-13,0.0040470934,0.00210021
2018-04-14,0.00036791762,0.00030003
2018-04-15,0.0021887342,0.0018001802
2018-04-16,0.00073583523,0.00060006
2018-04-17,0.00073583523,0.00060006
2018-04-18,0.00039795166,0.00030003
2018-04-19,0.010853569,0.00060006
2018-04-20,0.016004415,0.00420042
2018-04-21,0.02483444,0.01080108
2018-04-22,0.03090508,0.02160216
2018-04-23,0.0272259,0.024602462
2018-04-24,0.02023547,0.02160216
2018-04-25,0.011589405,0.01260126
2018-04-26,0.0049668876,0.00510051
2018-04-27,0.0016556291,0.0015001501
2018-04-28,0.0029846376,0.0018001802
2018-04-29,0.0012877117,0.00060006
2018-04-30,0.00039795166,0.00030003
2018-05-01,0.00039795166,0.0
2018-05-02,0.0,0.0
2018-05-03,0.00039795166,0.00030003
2018-05-04,0.00055187644,0.00030003
2018-05-05,0.0034952173,0.0018001802
2018-05-06,0.0014716705,0.00120012
2018-05-07,0.0023914643,0.00210021
2018-05-08,0.0071743936,0.00120012
2018-05-09,0.003863135,0.00210021
2018-05-10,0.002943341,0.0018001802
2018-05-11,0.0014716705,0.0009000901
2018-05-12,0.000919794,0.0009000901
2018-05-13,0.000919794,0.0009000901
2018-05-14,0.0019897586,0.0018001802
2018-05-15,0.0019897586,0.0018001802
2018-05-16,0.00059692754,0.00030003
2018-05-17,0.0009948793,0.00060006
2018-05-18,0.00059692754,0.00030003
2018-05-19,0.0011938551,0.00060006
2018-05-20,0.0011938551,0.0009000901
2018-05-21,0.0022075057,0.00030003
2018-05-22,0.006806475,0.00210021
2018-05-23,0.0034952173,0.00210021
2018-05-24,0.011773364,0.01020102
2018-05-25,0.045069907,0.01710171
2018-05-26,0.014164828,0.00540054
2018-05-27,0.009013982,0.0030003001
2018-05-28,0.00919794,0.0072007207
2018-05-29,0.017476086,0.01740174
2018-05-30,0.011957322,0.01260126
2018-05-31,0.0047829286,0.00480048
2018-06-01,0.015820457,0.014401441
2018-06-02,0.013980869,0.00990099
2018-06-03,0.0047829286,0.00240024
2018-06-04,0.00036791762,0.0
2018-06-05,0.00019897583,0.00030003
2018-06-06,0.001392831,0.0009000901
2018-06-07,0.00055187644,0.00030003
2018-06-08,0.0007959033,0.00060006
2018-06-09,0.00039795166,0.00030003
2018-06-10,0.0009948793,0.00060006
2018-06-11,0.00039795166,0.00030003
2018-06-12,0.003679176,0.00030003
2018-06-13,0.015820457,0.0030003001
2018-06-14,0.013428993,0.00570057
2018-06-15,0.0069904346,0.00450045
2018-06-16,0.0020235467,0.0018001802
2018-06-17,0.00036791762,0.00030003
2018-06-18,0.0025754233,0.00240024
2018-06-19,0.0044150115,0.0033003301
2018-06-20,0.048565123,0.03480348
2018-06-21,0.09896983,0.09180918
2018-06-22,0.08903606,0.08040804
2018-06-23,0.09087565,0.07020702
2018-06-24,0.118285514,0.045304533
2018-06-25,0.0150846215,0.012001201
2018-06-26,0.00919794,0.00510051
2018-06-27,0.00055187644,0.0
2018-07-21,0.00055187644,0.00060006
2018-08-02,0.00036791762,0.00030003
2018-08-14,0.002943341,0.0009000901
2018-08-15,0.0031272995,0.0015001501
2018-08-16,0.0040470934,0.00270027
2018-08-17,0.00459897,0.0039003901
2018-08-18,0.001839588,0.0015001501
2018-08-19,0.002759382,0.00210021
2018-08-20,0.0086460635,0.00570057
2018-08-21,0.006806475,0.00570057
2018-08-22,0.002759382,0.00270027
2018-08-23,0.0011037529,0.00120012
2018-08-24,0.010301693,0.01050105
2018-08-25,0.03053716,0.028802883
2018-08-26,0.025938189,0.01830183
2018-08-27,0.013980869,0.0060006003
2018-08-28,0.0051508467,0.0009000901
2018-09-09,0.0023914643,0.00240024
2018-09-11,0.00073583523,0.00060006
2018-09-12,0.003863135,0.0036003604
2018-09-17,0.0022075057,0.0015001501
2018-09-21,0.000919794,0.0009000901
2018-09-30,0.008830023,0.0090009
2018-10-01,0.016740251,0.01620162
2018-10-02,0.009381899,0.00750075
2018-10-03,0.00459897,0.00270027
2018-10-11,0.002759382,0.00030003
2018-10-12,0.0044150115,0.0009000901
2018-10-13,0.007910228,0.00210021
2018-10-14,0.002943341,0.00120012
2018-10-15,0.0014716705,0.0009000901
2018-10-17,0.00073583523,0.00060006
2018-10-21,0.000919794,0.00030003
2018-11-09,0.0011037529,0.0009000901
2018-11-10,0.00018395881,0.0
2018-11-12,0.0020235467,0.00210021
2018-11-14,0.00055187644,0.00060006
2018-11-15,0.003679176,0.0039003901
2018-11-16,0.0014716705,0.00120012
2018-11-17,0.003679176,0.0030003001
2018-11-18,0.011957322,0.00750075
2018-11-19,0.0025754233,0.0009000901
2018-11-24,0.0014716705,0.0015001501
2018-11-25,0.0012877117,0.00120012
2018-12-05,0.0034952173,0.0030003001
2018-12-06,0.009933775,0.0069006905
2018-12-07,0.010853569,0.00480048
2018-12-08,0.0042310525,0.0009000901
2018-12-09,0.011773364,0.0009000901
2018-12-11,0.0020235467,0.0018001802
2018-12-14,0.000919794,0.00030003
2019-01-02,0.0071743936,0.0066006603
2019-01-03,0.024282562,0.0180018
2019-01-04,0.01379691,0.0066006603
2019-01-05,0.011773364,0.0036003604
2019-01-21,0.0012877117,0.00060006
2019-01-22,0.0047829286,0.0039003901
2019-01-23,0.01526858,0.0150015
2019-01-24,0.022626933,0.02490249
2019-01-25,0.026122151,0.02850285
2019-01-26,0.03072112,0.029102912
2019-01-27,0.031272996,0.02430243
2019-01-28,0.029801324,0.01650165
2019-01-29,0.04746137,0.0150015
2019-01-30,0.034400295,0.0036003604
2019-02-11,0.00036791762,0.00030003
2019-02-13,0.0020235467,0.0009000901
2019-02-20,0.0012877117,0.0015001501
2019-02-21,0.0011037529,0.00120012
2019-03-05,0.00073583523,0.00060006
2019-03-06,0.01232524,0.01110111
2019-03-07,0.0071743936,0.0072007207
2019-03-08,0.0069904346,0.0072007207
2019-03-09,0.0014716705,0.00120012
2019-03-10,0.0012877117,0.0009000901
2019-03-11,0.0012877117,0.00060006
2019-03-12,0.0014716705,0.00060006
2019-03-14,0.003679176,0.0030003001
2019-03-18,0.000919794,0.0009000901
2019-03-19,0.00459897,0.00480048
2019-03-20,0.010485652,0.00960096
2019-03-21,0.029433409,0.02220222
2019-03-22,0.10871965,0.05970597
2019-03-23,0.11626196,0.03810381
2019-03-24,0.12693158,0.01830183
2019-04-01,0.011405446,0.0072007207
2019-04-02,0.005518764,0.00450045
2019-04-03,0.0033112583,0.0030003001
2019-04-04,0.001839588,0.0015001501
2019-04-05,0.000919794,0.0009000901
2019-04-06,0.00036791762,0.00030003
2019-04-07,0.07560707,0.0
2019-04-08,0.09013981,0.0156015605
2019-04-09,0.083885215,0.032703273
2019-04-10,0.08682855,0.05340534
2019-04-11,0.08922002,0.07740775
2019-04-12,0.0919794,0.0990099
2019-04-13,0.08848418,0.102010205
2019-04-14,0.08774835,0.099309936
2019-04-15,0.079102285,0.07920792
2019-04-16,0.09584253,0.06960696
2019-04-17,0.09473878,0.049204923
2019-04-18,0.104304634,0.032703273
2019-04-19,0.105960265,0.013801381
2019-04-20,0.003679176,0.0015001501
2019-04-21,0.0012877117,0.00030003
2019-05-04,0.048749086,0.0033003301
2019-05-05,0.043598235,0.01170117
2019-05-06,0.052244302,0.0270027
2019-05-07,0.10908757,0.04440444
2019-05-08,0.10301693,0.061506152
2019-05-09,0.08682855,0.06510651
2019-05-10,0.09087565,0.0840084
2019-05-11,0.07523915,0.07680768
2019-05-12,0.065305375,0.07110711
2019-05-13,0.050956585,0.05640564
2019-05-14,0.04764533,0.04950495
2019-05-15,0.046725534,0.04140414
2019-05-16,0.039183225,0.02520252
2019-05-17,0.035504047,0.01410141
2019-05-18,0.03495217,0.00570057
2019-05-25,0.00036791762,0.0
2019-05-29,0.0011037529,0.00120012
2019-06-24,0.0022075057,0.0015001501
2019-06-25,0.0025754233,0.00120012
2019-06-26,0.000919794,0.00030003
2019-06-29,0.0011037529,0.00120012
2019-07-01,0.0020235467,0.0018001802
2019-07-07,0.001839588,0.00060006
2019-07-08,0.001839588,0.0009000901
2019-07-22,0.000919794,0.0009000901
2019-07-27,0.00036791762,0.00030003
2019-08-06,0.00036791762,0.00030003
2019-08-07,0.000919794,0.0009000901
2019-08-08,0.00036791762,0.00030003
2019-09-01,0.0025754233,0.00210021
2019-09-02,0.005518764,0.00540054
2019-09-03,0.0011037529,0.00120012
2019-10-01,0.0020235467,0.00030003
2019-10-02,0.00073583523,0.00030003
